no_of_VirusTotal_positives,dangerous_permissions,triggered_signatures,udp_count,File_identified_by_10_AVs,Hidden_Payload_Found,Application_Asks_For_Dangerous_Permissions,no_of_Hosts_Involved,label
0,2,2,4,0,0,1,5,0
0,3,3,4,0,0,1,5,0
0,1,2,6,0,0,1,5,0
0,1,2,6,0,0,1,6,0
0,3,2,5,0,0,1,5,0
1,2,2,5,0,0,1,5,0
0,0,1,6,0,0,0,6,0
0,7,2,5,0,0,1,5,0
0,1,2,4,0,0,1,5,0
0,2,2,6,0,0,1,5,0
0,2,2,6,0,0,1,5,0
0,3,2,6,0,0,1,6,0
0,5,2,6,0,0,1,5,0
0,1,2,5,0,0,1,5,0
1,1,2,5,0,0,1,5,0
0,1,2,5,0,0,1,6,0
0,1,2,6,0,0,1,5,0
0,1,2,5,0,0,1,6,0
0,1,2,4,0,0,1,5,0
0,1,2,6,0,0,1,6,0
0,1,2,6,0,0,1,5,0
0,1,2,6,0,0,1,6,0
0,3,2,5,0,0,1,5,0
0,4,2,6,0,0,1,6,0
2,4,2,6,0,0,1,5,0
0,1,2,5,0,0,1,5,0
0,2,2,5,0,0,1,6,0
0,4,2,5,0,0,1,5,0
0,3,2,5,0,0,1,5,0
0,1,1,4,0,0,1,5,0
1,1,2,12,0,0,1,5,0
1,1,2,4,0,0,1,5,0
1,1,2,5,0,0,1,5,0
1,1,2,5,0,0,1,5,0
1,1,2,6,0,0,1,5,0
1,1,2,6,0,0,1,5,0
1,1,2,5,0,0,1,5,0
1,1,2,5,0,0,1,5,0
0,6,2,6,0,0,1,5,0
0,6,2,6,0,0,1,5,0
2,6,2,4,0,0,1,5,0
0,3,2,6,0,0,1,6,0
0,2,2,4,0,0,1,5,0
0,1,2,4,0,0,1,5,0
0,1,2,6,0,0,1,5,0
5,3,2,6,0,0,1,6,0
1,2,2,5,0,0,1,5,0
2,2,3,6,0,0,1,5,0
0,2,3,5,0,0,1,5,0
6,3,2,4,0,0,1,5,0
1,4,2,4,0,0,1,5,0
0,6,2,5,0,0,1,6,0
4,1,2,4,0,0,1,5,0
0,2,3,5,0,0,1,5,0
0,17,2,5,0,0,1,5,0
0,18,2,4,0,0,1,5,0
0,17,2,6,0,0,1,6,0
1,2,2,6,0,0,1,5,0
0,2,2,6,0,0,1,6,0
1,3,2,4,0,0,1,5,0
0,18,2,4,0,0,1,5,0
0,17,2,6,0,0,1,6,0
0,17,2,6,0,0,1,6,0
0,17,2,5,0,0,1,5,0
0,1,2,6,0,0,1,5,0
0,1,2,5,0,0,1,5,0
0,1,2,6,0,0,1,6,0
0,1,2,5,0,0,1,6,0
2,5,2,5,0,0,1,5,0
0,1,2,6,0,0,1,6,0
0,1,2,5,0,0,1,5,0
0,1,2,6,0,0,1,5,0
0,1,2,4,0,0,1,5,0
0,1,2,6,0,0,1,5,0
0,1,2,6,0,0,1,6,0
0,1,2,6,0,0,1,5,0
0,1,2,5,0,0,1,5,0
0,1,2,6,0,0,1,5,0
0,1,2,5,0,0,1,5,0
1,1,2,5,0,0,1,5,0
0,2,2,6,0,0,1,6,0
0,2,2,5,0,0,1,6,0
0,0,1,6,0,0,0,5,0
0,1,2,6,0,0,1,6,0
0,1,2,6,0,0,1,6,0
0,4,2,5,0,0,1,5,0
0,2,2,5,0,0,1,5,0
0,1,2,6,0,0,1,6,0
0,6,2,7,0,0,1,6,0
0,1,3,6,0,0,1,5,0
0,1,2,6,0,0,1,5,0
0,1,3,4,0,0,1,5,0
0,0,1,6,0,0,0,5,0
0,0,1,6,0,0,0,6,0
0,0,1,4,0,0,0,5,0
0,0,1,5,0,0,0,5,0
0,0,1,5,0,0,0,6,0
0,0,1,6,0,0,0,5,0
0,3,2,6,0,0,1,5,0
0,4,2,5,0,0,1,5,0
0,0,1,5,0,0,0,5,0
0,1,2,6,0,0,1,5,0
0,2,3,6,0,0,1,5,0
0,5,2,5,0,0,1,5,0
0,1,2,4,0,0,1,5,0
0,1,1,5,0,0,1,6,0
1,2,2,6,0,0,1,6,0
0,1,2,6,0,0,1,5,0
0,3,2,4,0,0,1,5,0
0,3,2,6,0,0,1,5,0
0,3,2,5,0,0,1,5,0
0,1,2,6,0,0,1,6,0
0,2,2,6,0,0,1,6,0
0,1,2,6,0,0,1,5,0
0,2,2,6,0,0,1,6,0
0,3,2,4,0,0,1,5,0
0,1,1,6,0,0,1,5,0
0,4,2,42,0,0,1,4,0
0,4,2,96,0,0,1,4,0
0,3,1,80,0,0,1,4,0
0,4,1,80,0,0,1,4,0
0,13,3,80,0,0,1,4,0
0,2,2,5,0,0,1,5,0
0,1,2,5,0,0,1,5,0
0,1,2,6,0,0,1,5,0
0,4,2,6,0,0,1,6,0
0,2,2,5,0,0,1,6,0
0,3,2,5,0,0,1,5,0
0,3,2,6,0,0,1,5,0
0,5,2,5,0,0,1,5,0
0,5,2,6,0,0,1,5,0
0,3,2,5,0,0,1,5,0
0,3,2,4,0,0,1,5,0
1,3,2,6,0,0,1,5,0
0,3,2,5,0,0,1,5,0
0,1,2,6,0,0,1,6,0
0,3,2,5,0,0,1,5,0
0,3,2,5,0,0,1,6,0
0,3,2,5,0,0,1,5,0
0,9,2,4,0,0,1,5,0
0,1,2,6,0,0,1,6,0
0,1,2,6,0,0,1,6,0
0,1,2,6,0,0,1,5,0
0,1,2,6,0,0,1,5,0
0,1,1,80,0,0,1,4,0
0,1,1,13,0,0,1,7,0
0,1,2,6,0,0,1,6,0
0,1,1,11,0,0,1,5,0
0,1,1,15,0,0,1,7,0
0,1,1,14,0,0,1,6,0
0,1,1,13,0,0,1,6,0
0,1,1,13,0,0,1,7,0
0,17,1,14,0,0,1,5,0
0,1,1,15,0,0,1,7,0
0,8,1,14,0,0,1,7,0
0,8,1,14,0,0,1,7,0
0,1,1,12,0,0,1,5,0
0,1,2,4,0,0,1,5,0
0,1,2,15,0,0,1,5,0
0,1,1,11,0,0,1,5,0
0,1,1,13,0,0,1,6,0
0,4,1,12,0,0,1,5,0
0,16,1,12,0,0,1,6,0
0,5,1,13,0,0,1,5,0
0,1,1,15,0,0,1,5,0
0,2,2,6,0,0,1,5,0
0,4,3,6,0,0,1,6,0
0,4,3,6,0,0,1,6,0
0,1,2,6,0,0,1,5,0
0,4,3,6,0,0,1,5,0
0,4,3,6,0,0,1,5,0
0,4,3,5,0,0,1,5,0
0,4,3,6,0,0,1,5,0
0,4,3,6,0,0,1,5,0
0,1,2,4,0,0,1,5,0
3,1,2,4,0,0,1,5,0
2,1,2,5,0,0,1,5,0
6,3,4,5,0,0,1,5,0
1,1,2,6,0,0,1,6,0
0,1,2,5,0,0,1,5,0
7,1,2,4,0,0,1,5,0
1,1,2,6,0,0,1,6,0
1,1,2,6,0,0,1,5,0
0,1,2,5,0,0,1,5,0
1,1,2,5,0,0,1,5,0
0,1,2,5,0,0,1,5,0
0,1,2,6,0,0,1,6,0
0,5,2,5,0,0,1,5,0
9,4,2,6,0,0,1,5,0
0,0,1,5,0,0,0,5,0
0,1,2,4,0,0,1,5,0
6,1,2,9,0,0,1,5,0
0,1,2,4,0,0,1,5,0
0,2,2,6,0,0,1,5,0
3,1,2,6,0,0,1,6,0
0,5,2,6,0,0,1,5,0
0,2,3,6,0,0,1,5,0
0,2,3,6,0,0,1,5,0
0,2,3,6,0,0,1,5,0
0,2,3,4,0,0,1,5,0
0,1,2,5,0,0,1,5,0
0,1,2,9,0,0,1,5,0
0,6,2,6,0,0,1,6,0
0,6,2,6,0,0,1,6,0
0,6,2,6,0,0,1,5,0
0,6,2,6,0,0,1,5,0
0,1,2,6,0,0,1,5,0
0,6,2,6,0,0,1,5,0
0,2,2,4,0,0,1,5,0
0,5,2,6,0,0,1,6,0
0,7,2,6,0,0,1,6,0
0,1,2,4,0,0,1,5,0
0,1,2,5,0,0,1,5,0
0,1,2,6,0,0,1,5,0
0,3,2,5,0,0,1,5,0
0,1,2,6,0,0,1,6,0
4,1,2,5,0,0,1,5,0
0,3,2,5,0,0,1,5,0
0,17,2,5,0,0,1,5,0
0,4,1,4,0,0,1,5,0
0,17,2,4,0,0,1,5,0
14,1,2,6,0,0,1,5,0
0,5,2,6,0,0,1,6,0
0,1,3,6,0,0,1,5,0
0,1,2,5,0,0,1,5,0
0,7,1,6,0,0,1,5,0
0,3,2,13,0,0,1,6,0
0,8,2,5,0,0,1,5,0
0,8,2,4,0,0,1,5,0
0,6,2,6,0,0,1,5,0
0,1,2,4,0,0,1,5,0
10,1,2,5,0,0,1,5,0
0,2,2,4,0,0,1,5,0
0,2,2,5,0,0,1,5,0
0,1,2,6,0,0,1,5,0
2,1,2,6,0,0,1,6,0
0,1,2,6,0,0,1,5,0
0,1,2,6,0,0,1,6,0
0,2,2,6,0,0,1,6,0
1,0,1,6,0,0,0,5,0
0,2,2,6,0,0,1,5,0
0,1,2,5,0,0,1,5,0
0,1,2,6,0,0,1,5,0
0,2,2,4,0,0,1,5,0
0,2,2,4,0,0,1,5,0
0,2,2,6,0,0,1,5,0
0,1,2,6,0,0,1,5,0
0,2,2,4,0,0,1,5,0
0,2,2,9,0,0,1,5,0
0,2,2,6,0,0,1,5,0
1,2,2,6,0,0,1,6,0
0,1,2,6,0,0,1,6,0
0,1,3,13,0,0,1,6,0
0,1,2,14,0,0,1,6,0
4,1,2,4,0,0,1,5,0
0,3,2,4,0,0,1,5,0
0,3,2,6,0,0,1,5,0
0,1,2,5,0,0,1,5,0
0,6,2,5,0,0,1,5,0
0,2,2,5,0,0,1,5,0
0,2,2,6,0,0,1,6,0
0,2,2,5,0,0,1,5,0
0,1,2,6,0,0,1,5,0
0,2,1,5,0,0,1,5,0
0,4,1,12,0,0,1,7,0
0,1,1,14,0,0,1,7,0
0,2,1,13,0,0,1,6,0
0,1,1,13,0,0,1,7,0
0,1,2,6,0,0,1,5,0
0,0,0,13,0,0,0,6,0
0,9,1,15,0,0,1,7,0
0,9,1,13,0,0,1,6,0
0,2,1,14,0,0,1,7,0
0,2,1,13,0,0,1,6,0
0,3,1,14,0,0,1,6,0
0,1,1,14,0,0,1,6,0
0,1,1,13,0,0,1,5,0
0,3,1,13,0,0,1,6,0
0,0,0,12,0,0,0,5,0
0,1,2,6,0,0,1,6,0
0,7,3,20,0,0,1,8,0
0,4,1,11,0,0,1,5,0
0,4,1,13,0,0,1,7,0
0,4,1,16,0,0,1,6,0
0,4,1,13,0,0,1,6,0
0,4,2,6,0,0,1,6,0
0,4,2,6,0,0,1,6,0
0,4,2,5,0,0,1,6,0
0,4,2,5,0,0,1,5,0
0,4,2,6,0,0,1,6,0
0,1,2,5,0,0,1,6,0
0,4,1,40,0,0,1,4,0
0,4,1,5,0,0,1,5,0
0,10,1,40,0,0,1,4,0
0,2,1,40,0,0,1,4,0
0,0,0,40,0,0,0,4,0
0,0,0,40,0,0,0,4,0
0,2,1,40,0,0,1,4,0
0,4,1,40,0,0,1,4,0
0,3,1,40,0,0,1,4,0
0,9,2,40,0,0,1,4,0
0,1,2,4,0,0,1,5,0
1,4,2,6,0,0,1,6,0
0,4,2,6,0,0,1,5,0
0,4,2,6,0,0,1,6,0
0,5,2,5,0,0,1,5,0
0,3,3,4,0,0,1,5,0
0,1,2,6,0,0,1,5,0
0,0,1,9,0,0,0,6,0
0,1,2,6,0,0,1,5,0
0,4,2,6,0,0,1,5,0
0,4,2,6,0,0,1,6,0
0,1,2,6,0,0,1,5,0
0,1,2,6,0,0,1,6,0
0,1,2,6,0,0,1,5,0
0,1,2,5,0,0,1,5,0
0,5,2,6,0,0,1,6,0
0,1,2,4,0,0,1,5,0
0,1,2,6,0,0,1,5,0
0,4,3,6,0,0,1,5,0
0,17,2,6,0,0,1,5,0
0,1,2,5,0,0,1,5,0
0,1,2,4,0,0,1,5,0
0,1,2,6,0,0,1,6,0
0,0,0,6,0,0,0,6,0
0,7,1,14,0,0,1,7,0
0,3,1,15,0,0,1,7,0
0,1,1,16,0,0,1,8,0
0,2,2,15,0,0,1,7,0
0,1,1,13,0,0,1,7,0
0,4,1,14,0,0,1,6,0
0,4,1,11,0,0,1,5,0
0,4,1,16,0,0,1,9,0
0,4,1,14,0,0,1,6,0
0,0,1,6,0,0,0,6,0
0,1,2,5,0,0,1,5,0
0,4,1,13,0,0,1,6,0
0,4,1,12,0,0,1,6,0
0,4,1,13,0,0,1,6,0
0,4,1,15,0,0,1,8,0
0,4,1,16,0,0,1,7,0
0,4,1,15,0,0,1,8,0
0,4,1,64,0,0,1,9,0
0,4,1,80,0,0,1,4,0
0,4,2,14,0,0,1,6,0
0,9,2,6,0,0,1,5,0
0,1,2,5,0,0,1,5,0
0,9,2,4,0,0,1,5,0
0,9,2,4,0,0,1,5,0
16,3,2,6,0,0,1,6,0
0,1,2,4,0,0,1,5,0
0,1,2,6,0,0,1,5,0
0,2,2,6,0,0,1,5,0
0,7,2,6,0,0,1,5,0
0,2,3,6,0,0,1,6,0
0,2,2,6,0,0,1,5,0
4,1,2,6,0,0,1,5,0
0,1,2,6,0,0,1,5,0
2,1,2,6,0,0,1,5,0
5,1,2,4,0,0,1,5,0
11,2,2,4,0,0,1,5,0
0,2,2,6,0,0,1,5,0
0,1,3,5,0,0,1,5,0
0,1,3,5,0,0,1,5,0
1,5,2,6,0,0,1,5,0
0,3,3,6,0,0,1,5,0
0,2,2,6,0,0,1,6,0
0,1,2,6,0,0,1,6,0
0,1,2,5,0,0,1,5,0
2,1,3,6,0,0,1,5,0
0,0,1,5,0,0,0,5,0
0,1,2,4,0,0,1,5,0
0,3,2,6,0,0,1,5,0
0,3,2,4,0,0,1,5,0
0,2,2,6,0,0,1,5,0
0,1,2,6,0,0,1,5,0
0,1,1,6,0,0,1,6,0
0,1,1,80,0,0,1,4,0
0,1,1,13,0,0,1,5,0
0,1,2,6,0,0,1,6,0
0,1,1,13,0,0,1,6,0
0,1,1,12,0,0,1,5,0
0,2,3,15,0,0,1,8,0
0,3,1,15,0,0,1,6,0
0,5,1,14,0,0,1,5,0
0,4,1,14,0,0,1,5,0
0,5,2,6,0,0,1,5,0
0,2,2,6,0,0,1,6,0
0,1,2,6,0,0,1,5,0
0,3,3,6,0,0,1,6,0
0,1,2,6,0,0,1,5,0
2,4,2,6,0,0,1,5,0
0,1,2,6,0,0,1,5,0
0,3,2,6,0,0,1,5,0
0,3,2,6,0,0,1,5,0
0,3,2,6,0,0,1,5,0
0,3,2,6,0,0,1,5,0
0,3,2,5,0,0,1,5,0
0,3,2,6,0,0,1,5,0
0,1,2,5,0,0,1,6,0
0,1,2,6,0,0,1,5,0
0,1,2,6,0,0,1,6,0
0,1,2,6,0,0,1,5,0
0,1,2,5,0,0,1,5,0
0,1,2,5,0,0,1,5,0
0,3,2,6,0,0,1,5,0
0,1,3,4,0,0,1,5,0
0,2,2,6,0,0,1,5,0
0,1,2,6,0,0,1,5,0
0,3,2,4,0,0,1,5,0
0,4,2,5,0,0,1,6,0
0,1,2,5,0,0,1,5,0
0,1,2,6,0,0,1,5,0
0,1,2,6,0,0,1,5,0
0,3,2,6,0,0,1,5,0
0,2,2,6,0,0,1,5,0
0,2,2,13,0,0,1,5,0
0,1,2,6,0,0,1,6,0
0,1,2,5,0,0,1,5,0
7,1,2,4,0,0,1,5,0
0,1,2,6,0,0,1,5,0
0,4,3,5,0,0,1,5,0
0,7,2,4,0,0,1,5,0
0,1,2,5,0,0,1,5,0
0,4,2,5,0,0,1,5,0
0,2,2,6,0,0,1,5,0
0,9,2,6,0,0,1,5,0
2,1,2,6,0,0,1,5,0
4,1,2,6,0,0,1,6,0
0,1,2,6,0,0,1,5,0
0,1,2,5,0,0,1,6,0
0,1,2,5,0,0,1,5,0
1,1,2,6,0,0,1,6,0
0,1,2,5,0,0,1,5,0
0,1,2,6,0,0,1,6,0
1,1,2,6,0,0,1,5,0
0,1,2,6,0,0,1,5,0
0,1,2,4,0,0,1,5,0
0,1,2,5,0,0,1,5,0
0,1,2,6,0,0,1,6,0
0,1,2,6,0,0,1,6,0
0,1,2,5,0,0,1,5,0
0,1,2,6,0,0,1,5,0
0,13,2,6,0,0,1,6,0
0,1,2,6,0,0,1,6,0
0,4,3,4,0,0,1,5,0
0,1,2,6,0,0,1,6,0
0,1,2,5,0,0,1,5,0
0,2,2,6,0,0,1,6,0
0,13,2,5,0,0,1,5,0
0,16,2,5,0,0,1,5,0
0,2,2,6,0,0,1,6,0
0,2,2,6,0,0,1,5,0
0,5,2,4,0,0,1,5,0
1,1,2,6,0,0,1,5,0
0,1,2,5,0,0,1,5,0
0,4,2,6,0,0,1,5,0
0,1,2,6,0,0,1,6,0
0,1,2,4,0,0,1,5,0
0,3,3,6,0,0,1,5,0
0,1,2,6,0,0,1,6,0
0,3,2,6,0,0,1,5,0
0,6,1,6,0,0,1,5,0
0,1,2,67,0,0,1,5,0
0,1,2,4,0,0,1,5,0
0,1,2,6,0,0,1,5,0
0,1,2,6,0,0,1,5,0
0,1,2,6,0,0,1,5,0
0,1,2,4,0,0,1,5,0
0,1,2,4,0,0,1,5,0
0,2,3,6,0,0,1,6,0
0,2,2,6,0,0,1,6,0
0,2,2,5,0,0,1,5,0
0,2,2,6,0,0,1,6,0
0,2,2,6,0,0,1,5,0
11,2,2,4,0,0,1,5,0
3,1,2,4,0,0,1,5,0
4,1,2,6,0,0,1,5,0
3,1,2,6,0,0,1,5,0
0,1,2,6,0,0,1,5,0
4,1,2,9,0,0,1,5,0
0,2,2,6,0,0,1,6,0
0,2,2,5,0,0,1,5,0
0,2,2,6,0,0,1,6,0
0,1,2,4,0,0,1,5,0
0,2,2,6,0,0,1,5,0
0,2,2,4,0,0,1,5,0
0,3,2,4,0,0,1,5,0
0,7,2,5,0,0,1,5,0
0,1,2,4,0,0,1,5,0
0,1,2,6,0,0,1,5,0
0,4,2,5,0,0,1,5,0
0,1,2,5,0,0,1,5,0
0,1,2,6,0,0,1,5,0
7,1,2,6,0,0,1,5,0
0,1,2,6,0,0,1,5,0
0,2,2,5,0,0,1,6,0
0,3,2,4,0,0,1,5,0
0,2,2,6,0,0,1,5,0
0,2,2,6,0,0,1,5,0
0,3,2,6,0,0,1,6,0
0,1,2,6,0,0,1,6,0
0,3,2,4,0,0,1,5,0
0,3,2,6,0,0,1,5,0
0,3,2,6,0,0,1,5,0
0,3,2,4,0,0,1,5,0
0,3,2,6,0,0,1,6,0
0,3,2,6,0,0,1,5,0
0,3,2,6,0,0,1,5,0
0,3,2,6,0,0,1,5,0
0,3,2,9,0,0,1,6,0
0,3,2,6,0,0,1,5,0
0,1,2,5,0,0,1,5,0
0,3,2,4,0,0,1,5,0
0,3,2,4,0,0,1,5,0
0,3,2,5,0,0,1,5,0
0,3,2,6,0,0,1,5,0
0,3,2,4,0,0,1,5,0
0,3,2,6,0,0,1,5,0
0,3,2,6,0,0,1,5,0
0,3,2,6,0,0,1,5,0
0,3,2,6,0,0,1,5,0
0,3,2,6,0,0,1,5,0
0,1,2,6,0,0,1,5,0
0,3,2,6,0,0,1,5,0
0,3,2,4,0,0,1,5,0
0,3,2,6,0,0,1,5,0
0,3,2,5,0,0,1,5,0
0,3,2,6,0,0,1,5,0
0,3,2,5,0,0,1,6,0
0,3,2,6,0,0,1,5,0
0,3,2,6,0,0,1,5,0
0,3,1,6,0,0,1,5,0
0,3,2,11,0,0,1,5,0
0,1,2,6,0,0,1,6,0
0,3,2,26,0,0,1,5,0
0,3,2,4,0,0,1,5,0
0,3,2,6,0,0,1,5,0
0,3,2,5,0,0,1,5,0
0,3,2,6,0,0,1,5,0
0,3,2,6,0,0,1,6,0
0,3,2,4,0,0,1,5,0
0,3,2,8,0,0,1,6,0
0,0,1,6,0,0,0,5,0
0,2,3,6,0,0,1,5,0
0,1,2,6,0,0,1,6,0
0,1,3,6,0,0,1,6,0
0,3,3,23,0,0,1,6,0
0,3,3,5,0,0,1,5,0
0,2,3,6,0,0,1,6,0
0,4,2,6,0,0,1,6,0
0,2,3,4,0,0,1,5,0
0,2,3,4,0,0,1,5,0
0,2,3,5,0,0,1,5,0
0,4,2,5,0,0,1,5,0
1,2,2,6,0,0,1,6,0
0,2,2,5,0,0,1,5,0
0,1,2,5,0,0,1,6,0
0,0,1,6,0,0,0,6,0
9,1,2,5,0,0,1,5,0
0,2,2,6,0,0,1,5,0
2,5,2,6,0,0,1,5,0
0,3,2,6,0,0,1,6,0
5,2,2,4,0,0,1,5,0
6,2,2,5,0,0,1,5,0
6,2,2,6,0,0,1,5,0
0,1,2,4,0,0,1,5,0
0,1,2,6,0,0,1,5,0
0,1,2,6,0,0,1,6,0
0,1,2,6,0,0,1,5,0
0,1,2,4,0,0,1,5,0
0,1,2,4,0,0,1,5,0
0,1,2,6,0,0,1,5,0
0,1,2,9,0,0,1,5,0
0,6,2,5,0,0,1,5,0
6,1,2,6,0,0,1,5,0
0,2,2,6,0,0,1,5,0
0,1,2,6,0,0,1,5,0
7,1,2,5,0,0,1,5,0
0,1,2,4,0,0,1,5,0
0,1,3,5,0,0,1,5,0
6,1,2,6,0,0,1,5,0
1,1,2,4,0,0,1,5,0
0,2,2,3,0,0,1,5,0
0,2,2,5,0,0,1,5,0
0,2,2,6,0,0,1,5,0
0,2,2,6,0,0,1,5,0
0,2,2,6,0,0,1,6,0
1,2,2,4,0,0,1,5,0
0,2,2,5,0,0,1,5,0
0,1,2,6,0,0,1,6,0
0,1,2,6,0,0,1,5,0
0,1,2,4,0,0,1,5,0
0,19,2,6,0,0,1,5,0
0,19,2,5,0,0,1,5,0
0,13,2,5,0,0,1,5,0
22,5,3,6,1,0,1,6,0
0,17,2,6,0,0,1,6,0
0,3,2,6,0,0,1,5,0
0,3,2,4,0,0,1,5,0
0,2,2,6,0,0,1,5,0
0,1,2,5,0,0,1,5,0
0,2,2,9,0,0,1,6,0
0,2,2,6,0,0,1,5,0
0,1,2,6,0,0,1,5,0
2,1,2,6,0,0,1,6,0
2,2,3,6,0,0,1,5,0
1,2,3,5,0,0,1,5,0
2,2,3,5,0,0,1,5,0
2,2,3,6,0,0,1,5,0
2,2,3,6,0,0,1,6,0
2,2,3,6,0,0,1,5,0
0,1,2,6,0,0,1,6,0
6,3,2,6,0,0,1,5,0
6,3,2,5,0,0,1,5,0
1,2,3,5,0,0,1,5,0
2,2,3,6,0,0,1,5,0
0,1,3,6,0,0,1,5,0
0,17,2,5,0,0,1,6,0
11,4,2,8,0,0,1,5,0
0,10,2,5,0,0,1,5,0
0,10,2,5,0,0,1,5,0
9,1,2,6,0,0,1,6,0
0,1,2,4,0,0,1,5,0
2,5,4,6,0,0,1,5,0
6,1,2,6,0,0,1,6,0
0,1,2,6,0,0,1,5,0
0,1,2,4,0,0,1,5,0
0,1,2,6,0,0,1,5,0
0,1,2,6,0,0,1,5,0
9,1,2,5,0,0,1,5,0
0,0,1,5,0,0,0,5,0
0,3,2,9,0,0,1,6,0
16,4,2,5,0,0,1,6,0
0,1,2,4,0,0,1,5,0
9,4,2,6,0,0,1,5,0
0,4,3,4,0,0,1,5,0
9,5,2,6,0,0,1,5,0
0,2,2,6,0,0,1,6,0
0,2,2,6,0,0,1,6,0
6,1,2,6,0,0,1,6,0
9,1,2,5,0,0,1,5,0
0,3,2,4,0,0,1,5,0
0,0,1,5,0,0,0,5,0
2,3,2,6,0,0,1,6,0
0,1,2,5,0,0,1,5,0
0,2,2,6,0,0,1,5,0
0,1,2,5,0,0,1,5,0
0,3,2,4,0,0,1,5,0
0,17,2,6,0,0,1,5,0
0,16,2,4,0,0,1,5,0
0,1,1,4,0,0,1,5,0
0,2,1,13,0,0,1,6,0
4,1,2,4,0,0,1,5,0
4,1,2,5,0,0,1,5,0
0,17,2,5,0,0,1,5,0
0,1,2,5,0,0,1,6,0
0,2,2,6,0,0,1,5,0
0,2,3,6,0,0,1,5,0
0,2,3,4,0,0,1,5,0
0,2,3,6,0,0,1,5,0
0,2,3,5,0,0,1,5,0
0,2,3,6,0,0,1,5,0
0,2,3,5,0,0,1,5,0
0,2,3,6,0,0,1,5,0
0,2,3,6,0,0,1,5,0
0,2,3,5,0,0,1,5,0
2,2,4,3,0,0,1,5,0
0,1,1,6,0,0,1,5,0
0,2,3,4,0,0,1,5,0
0,2,3,6,0,0,1,5,0
0,2,3,6,0,0,1,5,0
0,2,3,5,0,0,1,5,0
0,2,3,6,0,0,1,6,0
0,2,3,4,0,0,1,5,0
0,2,3,6,0,0,1,5,0
0,2,3,13,0,0,1,5,0
0,2,3,6,0,0,1,5,0
0,2,3,6,0,0,1,6,0
0,1,2,6,0,0,1,6,0
0,2,3,6,0,0,1,5,0
0,2,3,4,0,0,1,5,0
0,2,3,5,0,0,1,5,0
0,2,3,4,0,0,1,5,0
0,2,3,6,0,0,1,6,0
0,2,3,6,0,0,1,5,0
0,2,3,4,0,0,1,5,0
0,2,3,5,0,0,1,5,0
0,2,3,5,0,0,1,5,0
0,2,3,6,0,0,1,6,0
0,1,2,4,0,0,1,5,0
0,2,3,11,0,0,1,6,0
0,2,3,8,0,0,1,5,0
0,1,2,6,0,0,1,5,0
0,1,2,6,0,0,1,5,0
0,1,2,6,0,0,1,5,0
0,5,2,6,0,0,1,6,0
2,1,2,5,0,0,1,5,0
0,0,1,6,0,0,0,5,0
0,0,1,5,0,0,0,5,0
0,0,1,14,0,0,0,6,0
0,1,2,5,0,0,1,5,0
0,0,1,5,0,0,0,6,0
0,0,1,6,0,0,0,5,0
0,0,1,4,0,0,0,5,0
10,1,2,5,0,0,1,5,0
0,1,2,4,0,0,1,5,0
0,1,2,5,0,0,1,5,0
9,1,2,3,0,0,1,5,0
4,1,2,6,0,0,1,6,0
0,1,2,6,0,0,1,5,0
3,1,2,5,0,0,1,6,0
0,1,2,5,0,0,1,5,0
0,1,2,13,0,0,1,6,0
0,1,2,7,0,0,1,6,0
1,1,2,6,0,0,1,6,0
0,1,2,6,0,0,1,6,0
0,5,2,6,0,0,1,5,0
0,5,2,6,0,0,1,6,0
5,1,2,5,0,0,1,5,0
0,1,2,5,0,0,1,5,0
0,5,2,6,0,0,1,6,0
0,1,2,6,0,0,1,5,0
0,1,2,6,0,0,1,5,0
1,0,1,6,0,0,0,5,0
1,0,1,6,0,0,0,6,0
1,0,1,6,0,0,0,5,0
0,4,3,6,0,0,1,5,0
0,4,3,5,0,0,1,5,0
0,2,3,6,0,0,1,5,0
0,3,2,6,0,0,1,6,0
0,19,2,6,0,0,1,5,0
7,4,2,6,0,0,1,6,0
0,7,3,6,0,0,1,5,0
0,1,2,5,0,0,1,5,0
0,8,3,8,0,0,1,6,0
0,4,2,5,0,0,1,6,0
0,18,3,4,0,0,1,5,0
0,1,3,6,0,0,1,5,0
0,1,2,4,0,0,1,5,0
3,6,2,5,0,0,1,5,0
3,6,2,6,0,0,1,5,0
3,6,2,6,0,0,1,6,0
3,6,2,6,0,0,1,6,0
3,6,2,5,0,0,1,5,0
0,1,2,6,0,0,1,6,0
0,2,2,6,0,0,1,5,0
0,2,2,4,0,0,1,5,0
0,2,2,6,0,0,1,5,0
0,2,2,4,0,0,1,5,0
0,2,2,6,0,0,1,5,0
0,2,2,4,0,0,1,5,0
0,1,2,5,0,0,1,5,0
0,7,2,6,0,0,1,5,0
0,3,2,6,0,0,1,6,0
0,3,2,4,0,0,1,5,0
0,1,2,6,0,0,1,6,0
0,3,2,6,0,0,1,5,0
0,3,2,4,0,0,1,5,0
7,1,2,6,0,0,1,5,0
0,2,2,4,0,0,1,5,0
0,2,2,6,0,0,1,6,0
0,2,2,6,0,0,1,5,0
0,2,2,6,0,0,1,6,0
0,3,2,4,0,0,1,5,0
1,7,2,6,0,0,1,5,0
0,17,3,6,0,0,1,6,0
0,1,2,6,0,0,1,6,0
0,17,2,5,0,0,1,5,0
0,3,1,12,0,0,1,5,0
1,1,2,15,0,0,1,7,0
0,7,2,6,0,0,1,6,0
8,1,2,6,0,0,1,5,0
0,4,3,5,0,0,1,6,0
0,1,3,4,0,0,1,5,0
0,2,2,6,0,0,1,6,0
0,0,1,6,0,0,0,5,0
0,3,2,6,0,0,1,5,0
0,1,2,4,0,0,1,5,0
0,1,2,6,0,0,1,6,0
0,2,2,5,0,0,1,5,0
0,1,2,4,0,0,1,5,0
0,1,2,5,0,0,1,5,0
10,4,2,6,0,0,1,6,0
10,4,2,6,0,0,1,5,0
0,5,2,4,0,0,1,5,0
0,5,2,4,0,0,1,5,0
0,1,2,6,0,0,1,5,0
0,1,2,6,0,0,1,5,0
8,1,2,5,0,0,1,6,0
0,1,2,6,0,0,1,6,0
11,1,2,6,0,0,1,6,0
0,4,2,6,0,0,1,6,0
0,18,2,4,0,0,1,5,0
23,5,3,6,1,0,1,5,0
0,3,2,6,0,0,1,5,0
0,3,2,6,0,0,1,6,0
0,4,2,4,0,0,1,5,0
0,11,2,6,0,0,1,5,0
0,17,2,6,0,0,1,5,0
0,2,2,6,0,0,1,6,0
0,1,2,5,0,0,1,5,0
0,5,2,4,0,0,1,5,0
0,4,1,4,0,0,1,5,0
0,4,1,80,0,0,1,4,0
0,4,1,14,0,0,1,5,0
0,4,1,15,0,0,1,6,0
0,4,1,13,0,0,1,6,0
0,4,1,14,0,0,1,7,0
0,1,1,12,0,0,1,6,0
0,1,3,15,0,0,1,6,0
0,1,1,14,0,0,1,5,0
0,1,2,6,0,0,1,5,0
0,1,1,14,0,0,1,7,0
0,2,1,13,0,0,1,6,0
0,2,1,13,0,0,1,5,0
0,2,1,12,0,0,1,5,0
0,1,1,14,0,0,1,6,0
0,1,3,15,0,0,1,6,0
0,1,2,13,0,0,1,6,0
0,2,2,15,0,0,1,6,0
0,2,3,13,0,0,1,5,0
0,1,2,14,0,0,1,6,0
0,1,2,6,0,0,1,5,0
0,1,1,13,0,0,1,5,0
0,3,1,14,0,0,1,5,0
2,4,2,14,0,0,1,6,0
0,1,3,6,0,0,1,5,0
1,2,4,5,0,0,1,5,0
1,1,3,6,0,0,1,5,0
0,1,2,4,0,0,1,5,0
1,4,3,4,0,0,1,5,0
1,1,2,6,0,0,1,6,0
7,4,2,4,0,0,1,5,0
1,1,2,5,0,0,1,5,0
0,1,2,6,0,0,1,6,0
1,2,2,6,0,0,1,5,0
0,7,2,6,0,0,1,6,0
0,1,2,4,0,0,1,5,0
0,1,3,6,0,0,1,6,0
0,4,2,6,0,0,1,5,0
0,2,2,6,0,0,1,6,0
0,1,2,5,0,0,1,5,0
0,1,2,5,0,0,1,5,0
0,4,2,6,0,0,1,5,0
0,1,2,4,0,0,1,5,0
4,4,2,6,0,0,1,6,0
7,1,2,6,0,0,1,6,0
0,1,2,6,0,0,1,6,0
0,1,2,6,0,0,1,6,0
0,4,2,5,0,0,1,6,0
0,1,2,4,0,0,1,5,0
0,10,2,4,0,0,1,5,0
0,10,2,4,0,0,1,5,0
0,1,2,6,0,0,1,6,0
0,2,2,5,0,0,1,5,0
0,1,2,6,0,0,1,6,0
0,1,2,4,0,0,1,5,0
7,1,2,6,0,0,1,6,0
0,1,2,6,0,0,1,5,0
0,1,2,6,0,0,1,6,0
0,1,2,6,0,0,1,6,0
0,1,2,5,0,0,1,6,0
0,1,2,6,0,0,1,6,0
0,1,2,5,0,0,1,5,0
0,1,2,4,0,0,1,5,0
0,1,2,6,0,0,1,6,0
0,1,2,5,0,0,1,6,0
0,1,2,6,0,0,1,6,0
0,1,2,6,0,0,1,5,0
0,1,2,6,0,0,1,6,0
0,1,2,4,0,0,1,5,0
0,1,2,4,0,0,1,5,0
0,1,2,6,0,0,1,6,0
0,1,2,5,0,0,1,5,0
0,1,2,6,0,0,1,5,0
0,1,2,6,0,0,1,5,0
0,1,2,4,0,0,1,5,0
0,1,2,4,0,0,1,5,0
0,1,2,6,0,0,1,5,0
0,2,2,6,0,0,1,5,0
0,1,2,4,0,0,1,5,0
0,5,2,6,0,0,1,5,0
0,2,2,6,0,0,1,5,0
0,19,4,6,0,0,1,6,0
0,19,4,6,0,0,1,6,0
0,3,3,6,0,0,1,6,0
0,1,1,6,0,0,1,6,0
10,4,2,80,0,0,1,4,0
0,1,2,5,0,0,1,5,0
0,1,2,5,0,0,1,5,0
0,4,2,6,0,0,1,5,0
3,1,2,5,0,0,1,5,0
0,1,2,4,0,0,1,5,0
0,1,2,6,0,0,1,6,0
0,3,1,5,0,0,1,6,0
1,1,1,4,0,0,0,5,0
0,0,1,4,0,0,0,5,0
2,1,2,6,0,0,1,6,0
0,3,2,5,0,0,1,5,0
0,3,2,6,0,0,1,6,0
0,1,2,6,0,0,1,5,0
0,4,2,6,0,0,1,5,0
0,3,2,9,0,0,1,6,0
0,3,2,4,0,0,1,5,0
0,2,2,6,0,0,1,6,0
0,17,2,4,0,0,1,5,0
0,2,2,4,0,0,1,5,0
0,2,3,6,0,0,1,6,0
0,6,2,6,0,0,1,6,0
0,6,2,5,0,0,1,5,0
0,1,2,6,0,0,1,5,0
0,1,2,6,0,0,1,5,0
0,17,2,4,0,0,1,5,0
0,17,2,4,0,0,1,5,0
0,17,1,5,0,0,1,5,0
0,1,2,80,0,0,1,4,0
0,2,2,6,0,0,1,5,0
0,1,2,6,0,0,1,6,0
9,10,2,5,0,0,1,5,0
0,3,2,6,0,0,1,5,0
0,3,2,4,0,0,1,5,0
0,1,2,5,0,0,1,5,0
0,1,2,5,0,0,1,5,0
0,1,2,4,0,0,1,5,0
0,3,2,4,0,0,1,5,0
0,1,2,6,0,0,1,5,0
0,1,2,6,0,0,1,6,0
0,8,2,5,0,0,1,5,0
0,6,2,6,0,0,1,5,0
0,6,2,4,0,0,1,5,0
0,6,2,5,0,0,1,5,0
0,6,2,5,0,0,1,5,0
0,6,1,6,0,0,1,5,0
0,1,2,6,0,0,1,5,0
0,6,1,80,0,0,1,4,0
0,6,1,80,0,0,1,4,0
0,6,1,80,0,0,1,4,0
0,6,1,80,0,0,1,4,0
0,6,1,80,0,0,1,4,0
0,6,1,80,0,0,1,4,0
0,6,1,80,0,0,1,4,0
0,6,1,64,0,0,1,4,0
0,6,1,80,0,0,1,4,0
0,6,2,80,0,0,1,4,0
0,1,1,6,0,0,1,6,0
0,6,2,13,0,0,1,5,0
0,6,2,5,0,0,1,5,0
0,6,2,6,0,0,1,5,0
0,6,2,4,0,0,1,5,0
0,6,2,4,0,0,1,5,0
0,6,2,6,0,0,1,5,0
0,6,2,6,0,0,1,5,0
0,6,2,5,0,0,1,5,0
0,6,2,5,0,0,1,5,0
0,6,2,4,0,0,1,5,0
0,1,1,80,0,0,1,4,0
0,6,2,6,0,0,1,5,0
0,16,2,4,0,0,1,5,0
0,16,2,6,0,0,1,6,0
0,16,2,4,0,0,1,5,0
0,16,2,12,0,0,1,5,0
0,1,2,6,0,0,1,6,0
0,1,2,8,0,0,1,6,0
0,1,2,4,0,0,1,5,0
0,1,2,6,0,0,1,6,0
0,4,2,5,0,0,1,5,0
0,1,1,80,0,0,1,4,0
0,5,2,5,0,0,1,5,0
0,5,2,5,0,0,1,5,0
0,5,2,4,0,0,1,5,0
0,2,2,4,0,0,1,5,0
6,2,2,5,0,0,1,5,0
0,2,2,6,0,0,1,6,0
0,2,2,6,0,0,1,6,0
0,2,2,6,0,0,1,6,0
0,2,2,5,0,0,1,5,0
0,2,2,6,0,0,1,5,0
0,1,1,80,0,0,1,4,0
0,2,2,6,0,0,1,5,0
0,4,3,4,0,0,1,5,0
0,4,3,5,0,0,1,5,0
0,4,3,5,0,0,1,5,0
0,4,3,6,0,0,1,5,0
0,4,3,6,0,0,1,5,0
0,4,3,6,0,0,1,5,0
0,4,3,4,0,0,1,5,0
8,1,2,6,0,0,1,6,0
2,1,2,5,0,0,1,5,0
0,1,1,80,0,0,1,4,0
0,2,2,6,0,0,1,6,0
0,3,2,6,0,0,1,6,0
0,1,2,5,0,0,1,5,0
1,4,3,5,0,0,1,5,0
0,3,2,5,0,0,1,5,0
1,2,2,4,0,0,1,5,0
2,2,2,6,0,0,1,5,0
0,6,2,6,0,0,1,5,0
0,7,2,5,0,0,1,5,0
0,7,2,6,0,0,1,5,0
0,1,2,4,0,0,1,5,0
0,1,1,80,0,0,1,4,0
0,5,2,5,0,0,1,5,0
1,8,2,4,0,0,1,5,0
1,10,2,6,0,0,1,5,0
0,10,1,4,0,0,1,5,0
0,10,1,13,0,0,1,6,0
0,10,2,5,0,0,1,5,0
0,10,2,6,0,0,1,5,0
0,10,2,13,0,0,1,6,0
0,5,3,5,0,0,1,6,0
0,5,3,6,0,0,1,6,0
0,1,1,80,0,0,1,4,0
0,5,3,5,0,0,1,5,0
0,5,3,4,0,0,1,5,0
11,1,2,5,0,0,1,6,0
0,7,2,6,0,0,1,5,0
8,1,2,6,0,0,1,5,0
0,1,2,6,0,0,1,5,0
0,1,2,6,0,0,1,5,0
0,2,2,4,0,0,1,5,0
0,17,2,4,0,0,1,5,0
0,17,2,4,0,0,1,5,0
0,1,1,80,0,0,1,4,0
0,1,2,6,0,0,1,5,0
0,1,2,5,0,0,1,5,0
5,2,2,6,0,0,1,5,0
2,2,2,6,0,0,1,5,0
1,4,4,6,0,0,1,6,0
0,2,2,6,0,0,1,5,0
0,1,2,6,0,0,1,6,0
0,6,2,5,0,0,1,5,0
0,6,2,6,0,0,1,5,0
0,6,2,6,0,0,1,5,0
0,1,1,79,0,0,1,4,0
0,6,2,6,0,0,1,5,0
0,6,2,6,0,0,1,5,0
0,1,2,5,0,0,1,5,0
0,1,2,6,0,0,1,5,0
0,1,2,6,0,0,1,5,0
0,1,2,6,0,0,1,6,0
0,3,1,80,0,0,1,4,0
0,4,2,80,0,0,1,4,0
0,4,2,14,0,0,1,5,0
0,2,1,14,0,0,1,6,0
0,1,1,80,0,0,1,4,0
0,1,1,11,0,0,1,5,0
0,7,1,15,0,0,1,7,0
0,9,2,13,0,0,1,6,0
0,4,1,14,0,0,1,6,0
0,4,1,13,0,0,1,5,0
0,5,1,14,0,0,1,7,0
0,7,2,14,0,0,1,5,0
0,2,1,14,0,0,1,7,0
0,1,1,13,0,0,1,6,0
0,3,1,15,0,0,1,6,0
0,1,1,79,0,0,1,4,0
0,4,1,13,0,0,1,6,0
0,1,1,14,0,0,1,6,0
0,1,1,13,0,0,1,6,0
0,4,2,14,0,0,1,5,0
0,3,2,13,0,0,1,6,0
1,4,2,6,0,0,1,6,0
0,1,2,6,0,0,1,6,0
0,1,2,5,0,0,1,5,0
0,1,2,5,0,0,1,5,0
0,1,2,4,0,0,1,5,0
0,1,1,80,0,0,1,4,0
0,2,2,6,0,0,1,5,0
9,3,2,6,0,0,1,6,0
0,2,2,5,0,0,1,5,0
0,1,2,6,0,0,1,6,0
0,4,3,6,0,0,1,6,0
0,4,3,6,0,0,1,6,0
0,4,3,4,0,0,1,5,0
0,1,2,6,0,0,1,5,0
0,1,2,6,0,0,1,6,0
0,2,2,6,0,0,1,5,0
0,1,1,80,0,0,1,4,0
0,2,2,6,0,0,1,6,0
7,4,2,6,0,0,1,6,0
7,4,2,6,0,0,1,5,0
0,1,2,6,0,0,1,5,0
3,5,2,6,0,0,1,5,0
0,3,2,4,0,0,1,5,0
0,4,3,6,0,0,1,6,0
0,4,3,6,0,0,1,6,0
0,4,3,6,0,0,1,6,0
0,0,1,6,0,0,0,6,0
0,1,1,80,0,0,1,4,0
0,2,2,6,0,0,1,5,0
0,2,2,6,0,0,1,6,0
0,2,2,4,0,0,1,5,0
0,9,2,5,0,0,1,5,0
6,4,4,6,0,0,1,6,0
6,4,4,6,0,0,1,5,0
0,1,2,6,0,0,1,5,0
0,6,2,5,0,0,1,5,0
0,0,1,6,0,0,0,6,0
0,1,2,6,0,0,1,5,0
0,1,2,80,0,0,1,4,0
0,1,2,6,0,0,1,5,0
0,4,2,6,0,0,1,6,0
0,2,2,5,0,0,1,5,0
0,4,2,4,0,0,1,5,0
0,0,1,5,0,0,0,5,0
0,6,2,6,0,0,1,5,0
0,6,2,6,0,0,1,5,0
0,6,2,6,0,0,1,5,0
0,3,2,9,0,0,1,6,0
0,2,2,6,0,0,1,6,0
0,0,1,4,0,0,0,5,0
0,1,2,5,0,0,1,5,0
0,1,2,6,0,0,1,6,0
0,2,2,6,0,0,1,5,0
0,1,2,6,0,0,1,5,0
0,1,2,6,0,0,1,6,0
0,1,2,4,0,0,1,5,0
0,1,2,9,0,0,1,7,0
0,1,2,13,0,0,1,6,0
0,1,2,4,0,0,1,5,0
0,1,2,6,0,0,1,5,0
0,1,2,9,0,0,1,5,0
0,1,2,5,0,0,1,5,0
0,1,2,4,0,0,1,5,0
0,1,2,6,0,0,1,5,0
0,1,2,6,0,0,1,5,0
0,1,2,6,0,0,1,5,0
0,1,2,3,0,0,1,5,0
0,1,2,6,0,0,1,5,0
0,1,2,6,0,0,1,6,0
0,1,2,6,0,0,1,6,0
0,1,2,6,0,0,1,6,0
0,1,2,6,0,0,1,6,0
0,1,2,6,0,0,1,5,0
0,3,2,6,0,0,1,5,0
0,1,2,6,0,0,1,5,0
0,1,2,6,0,0,1,6,0
0,1,2,6,0,0,1,5,0
0,1,2,6,0,0,1,5,0
0,1,2,6,0,0,1,6,0
0,1,2,6,0,0,1,5,0
0,1,2,4,0,0,1,5,0
0,1,2,4,0,0,1,5,0
0,1,2,4,0,0,1,5,0
0,1,2,4,0,0,1,5,0
0,1,2,8,0,0,1,6,0
0,1,2,5,0,0,1,5,0
0,1,2,6,0,0,1,6,0
0,1,2,6,0,0,1,6,0
0,1,2,6,0,0,1,5,0
0,1,2,5,0,0,1,5,0
0,1,2,4,0,0,1,5,0
0,1,2,5,0,0,1,5,0
0,0,1,6,0,0,0,5,0
0,4,2,5,0,0,1,5,0
0,1,2,5,0,0,1,5,0
0,2,2,6,0,0,1,5,0
0,0,1,6,0,0,0,6,0
0,18,2,6,0,0,1,6,0
0,18,2,6,0,0,1,5,0
0,1,2,6,0,0,1,6,0
0,2,2,6,0,0,1,6,0
0,0,1,6,0,0,0,5,0
0,1,2,4,0,0,1,5,0
0,0,1,5,0,0,0,5,0
0,2,2,6,0,0,1,6,0
0,1,2,6,0,0,1,5,0
9,3,2,6,0,0,1,5,0
0,1,2,4,0,0,1,5,0
0,1,2,6,0,0,1,5,0
0,1,2,6,0,0,1,6,0
0,0,1,4,0,0,0,5,0
0,0,1,5,0,0,0,5,0
0,6,3,5,0,0,1,5,0
0,3,3,6,0,0,1,6,0
6,5,2,4,0,0,1,5,0
0,3,2,6,0,0,1,6,0
10,3,2,6,0,0,1,5,0
0,2,2,6,0,0,1,6,0
0,1,2,6,0,0,1,5,0
0,2,2,4,0,0,1,5,0
0,1,2,6,0,0,1,5,0
0,4,3,6,0,0,1,5,0
7,5,2,6,0,0,1,6,0
0,2,2,5,0,0,1,5,0
0,2,2,6,0,0,1,6,0
0,2,2,6,0,0,1,6,0
0,6,2,8,0,0,1,6,0
0,4,3,6,0,0,1,5,0
0,2,2,6,0,0,1,5,0
0,4,3,6,0,0,1,6,0
0,3,2,6,0,0,1,5,0
0,2,2,4,0,0,1,5,0
1,2,2,6,0,0,1,6,0
0,4,3,6,0,0,1,6,0
0,2,2,6,0,0,1,6,0
0,0,1,6,0,0,0,6,0
0,2,3,6,0,0,1,6,0
0,2,3,6,0,0,1,6,0
0,2,3,5,0,0,1,5,0
0,1,2,4,0,0,1,5,0
0,3,3,6,0,0,1,6,0
0,6,2,5,0,0,1,5,0
0,5,2,4,0,0,1,5,0
0,1,2,6,0,0,1,5,0
0,2,2,6,0,0,1,5,0
0,1,2,4,0,0,1,5,0
0,1,2,6,0,0,1,5,0
0,4,2,4,0,0,1,5,0
1,1,2,5,0,0,1,6,0
0,2,2,9,0,0,1,6,0
2,1,2,6,0,0,1,6,0
0,4,3,5,0,0,1,5,0
0,1,2,5,0,0,1,5,0
0,1,2,6,0,0,1,6,0
0,0,1,6,0,0,0,5,0
7,1,2,6,0,0,1,6,0
0,18,2,6,0,0,1,5,0
0,3,2,5,0,0,1,5,0
0,5,2,5,0,0,1,5,0
0,4,3,5,0,0,1,5,0
0,1,2,6,0,0,1,5,0
0,3,2,6,0,0,1,5,0
2,2,2,5,0,0,1,5,0
0,4,2,6,0,0,1,5,0
2,1,2,6,0,0,1,6,0
0,2,2,5,0,0,1,5,0
0,1,2,6,0,0,1,6,0
0,10,2,5,0,0,1,6,0
0,1,2,5,0,0,1,5,0
0,6,2,6,0,0,1,5,0
0,2,2,6,0,0,1,6,0
0,2,2,6,0,0,1,6,0
0,1,2,6,0,0,1,5,0
0,1,2,5,0,0,1,5,0
0,1,2,6,0,0,1,5,0
8,3,2,6,0,0,1,5,0
0,1,2,6,0,0,1,5,0
0,0,1,6,0,0,0,5,0
0,4,3,5,0,0,1,5,0
0,2,2,6,0,0,1,6,0
0,7,2,6,0,0,1,5,0
0,4,2,5,0,0,1,5,0
0,0,1,5,0,0,0,6,0
0,3,2,6,0,0,1,6,0
1,1,2,5,0,0,1,5,0
0,4,2,6,0,0,1,6,0
13,3,2,5,0,0,1,5,0
0,3,2,5,0,0,1,5,0
0,3,2,5,0,0,1,6,0
0,2,3,6,0,0,1,5,0
0,2,3,4,0,0,1,5,0
0,2,3,4,0,0,1,5,0
0,1,2,6,0,0,1,5,0
0,1,2,6,0,0,1,5,0
0,4,4,6,0,0,1,6,0
1,1,2,6,0,0,1,6,0
0,0,1,6,0,0,0,6,0
0,0,1,6,0,0,0,5,0
0,0,1,6,0,0,0,6,0
0,0,1,6,0,0,0,6,0
0,4,4,6,0,0,1,6,0
0,1,2,5,0,0,1,5,0
0,1,2,5,0,0,1,5,0
0,1,2,6,0,0,1,6,0
0,1,2,4,0,0,1,5,0
1,1,2,6,0,0,1,6,0
2,5,2,8,0,0,1,5,0
0,3,2,6,0,0,1,6,0
0,1,2,6,0,0,1,5,0
0,17,2,6,0,0,1,6,0
0,17,2,6,0,0,1,5,0
0,2,2,6,0,0,1,6,0
0,1,2,5,0,0,1,5,0
0,1,2,6,0,0,1,5,0
0,1,2,5,0,0,1,5,0
0,1,2,6,0,0,1,5,0
0,2,2,6,0,0,1,6,0
4,1,2,6,0,0,1,6,0
0,5,2,6,0,0,1,6,0
0,2,2,6,0,0,1,5,0
7,1,2,6,0,0,1,5,0
0,1,2,6,0,0,1,6,0
10,3,2,6,0,0,1,6,0
0,4,2,6,0,0,1,5,0
0,3,2,5,0,0,1,5,0
0,3,2,6,0,0,1,5,0
0,3,2,6,0,0,1,5,0
0,3,2,4,0,0,1,5,0
1,2,2,6,0,0,1,6,0
0,3,2,5,0,0,1,5,0
0,3,2,6,0,0,1,6,0
0,2,2,6,0,0,1,5,0
0,2,2,6,0,0,1,6,0
0,2,2,6,0,0,1,6,0
0,2,2,5,0,0,1,6,0
0,9,2,6,0,0,1,6,0
0,4,2,3,0,0,1,5,0
8,4,2,4,0,0,1,5,0
0,1,2,4,0,0,1,5,0
2,1,2,6,0,0,1,5,0
0,5,3,5,0,0,1,5,0
0,3,3,6,0,0,1,6,0
0,2,2,6,0,0,1,6,0
0,3,2,6,0,0,1,5,0
0,1,2,6,0,0,1,5,0
0,1,2,6,0,0,1,5,0
3,1,2,6,0,0,1,6,0
0,1,2,6,0,0,1,5,0
0,1,2,5,0,0,1,6,0
0,2,2,6,0,0,1,6,0
2,1,2,6,0,0,1,6,0
0,2,2,4,0,0,1,5,0
0,2,2,6,0,0,1,6,0
0,2,2,4,0,0,1,5,0
0,2,2,6,0,0,1,5,0
0,2,2,6,0,0,1,6,0
0,2,2,6,0,0,1,5,0
0,2,2,4,0,0,1,5,0
0,2,2,6,0,0,1,5,0
1,1,2,5,0,0,1,5,0
2,2,2,4,0,0,1,5,0
2,1,2,4,0,0,1,5,0
0,17,2,5,0,0,1,5,0
8,1,2,6,0,0,1,6,0
0,2,2,5,0,0,1,6,0
0,0,2,5,0,0,0,6,0
0,0,2,6,0,0,0,6,0
0,2,2,6,0,0,1,6,0
8,4,2,5,0,0,1,5,0
11,4,2,6,0,0,1,5,0
0,22,2,9,0,0,1,5,0
0,22,2,4,0,0,1,5,0
0,3,2,4,0,0,1,5,0
2,4,2,6,0,0,1,5,0
0,1,2,6,0,0,1,6,0
0,1,2,6,0,0,1,5,0
0,1,2,6,0,0,1,5,0
0,1,2,6,0,0,1,5,0
0,2,2,6,0,0,1,6,0
0,2,2,4,0,0,1,5,0
0,2,2,6,0,0,1,5,0
0,1,2,5,0,0,1,5,0
0,9,2,3,0,0,1,5,0
0,5,2,5,0,0,1,5,0
1,1,2,5,0,0,1,5,0
0,5,2,5,0,0,1,5,0
0,5,2,6,0,0,1,5,0
0,5,2,6,0,0,1,5,0
0,5,2,6,0,0,1,6,0
0,6,2,6,0,0,1,5,0
0,1,2,6,0,0,1,6,0
0,1,2,6,0,0,1,5,0
0,1,2,6,0,0,1,5,0
0,1,2,6,0,0,1,5,0
0,1,2,4,0,0,1,5,0
2,2,3,6,0,0,1,5,0
0,6,2,6,0,0,1,6,0
0,9,2,6,0,0,1,5,0
0,1,2,6,0,0,1,6,0
0,1,2,6,0,0,1,6,0
0,1,2,6,0,0,1,6,0
0,1,2,6,0,0,1,6,0
0,4,2,5,0,0,1,5,0
0,4,2,6,0,0,1,5,0
0,4,2,6,0,0,1,6,0
0,4,2,6,0,0,1,5,0
0,1,2,6,0,0,1,5,0
0,3,2,6,0,0,1,5,0
0,3,2,5,0,0,1,5,0
0,2,3,6,0,0,1,6,0
2,1,3,6,0,0,1,5,0
1,1,3,4,0,0,1,5,0
1,1,4,6,0,0,1,5,0
1,1,3,5,0,0,1,5,0
2,2,3,6,0,0,1,6,0
0,1,3,5,0,0,1,5,0
2,1,3,6,0,0,1,6,0
2,1,2,6,0,0,1,5,0
1,1,3,4,0,0,1,5,0
2,1,3,5,0,0,1,5,0
2,1,3,6,0,0,1,6,0
1,1,3,6,0,0,1,5,0
1,1,3,6,0,0,1,6,0
0,1,3,6,0,0,1,6,0
2,1,3,5,0,0,1,5,0
0,1,3,6,0,0,1,6,0
2,1,3,6,0,0,1,5,0
2,1,3,6,0,0,1,5,0
0,1,2,6,0,0,1,5,0
1,1,3,6,0,0,1,5,0
2,1,3,4,0,0,1,5,0
1,1,3,5,0,0,1,5,0
1,1,3,6,0,0,1,5,0
2,1,3,6,0,0,1,6,0
2,1,3,6,0,0,1,5,0
2,1,3,6,0,0,1,5,0
2,1,3,6,0,0,1,5,0
1,1,3,6,0,0,1,6,0
1,1,3,6,0,0,1,6,0
3,4,2,4,0,0,1,5,0
2,1,2,5,0,0,1,5,0
1,1,3,6,0,0,1,5,0
2,1,3,6,0,0,1,6,0
2,1,3,6,0,0,1,6,0
1,1,2,6,0,0,1,6,0
2,1,3,6,0,0,1,6,0
2,1,3,4,0,0,1,5,0
0,1,3,6,0,0,1,6,0
1,1,3,5,0,0,1,6,0
0,1,3,6,0,0,1,6,0
3,1,2,13,0,0,1,6,0
2,1,3,4,0,0,1,5,0
2,1,3,6,0,0,1,6,0
2,3,2,5,0,0,1,5,0
2,3,2,6,0,0,1,5,0
0,1,3,5,0,0,1,5,0
2,1,3,6,0,0,1,5,0
0,1,3,5,0,0,1,5,0
2,1,3,6,0,0,1,6,0
0,1,3,7,0,0,1,5,0
0,1,3,6,0,0,1,6,0
2,3,2,6,0,0,1,5,0
2,2,3,4,0,0,1,5,0
2,1,3,6,0,0,1,6,0
1,1,3,6,0,0,1,6,0
2,1,3,6,0,0,1,5,0
2,1,3,9,0,0,1,6,0
0,6,2,5,0,0,1,5,0
0,6,2,6,0,0,1,5,0
0,6,2,5,0,0,1,5,0
3,1,2,6,0,0,1,5,0
2,1,2,7,0,0,1,5,0
1,1,2,5,0,0,1,5,0
0,4,2,6,0,0,1,5,0
0,4,2,6,0,0,1,5,0
0,4,2,37,0,0,1,5,0
0,13,2,6,0,0,1,6,0
0,17,2,5,0,0,1,5,0
0,2,2,6,0,0,1,5,0
0,2,2,6,0,0,1,5,0
0,3,2,6,0,0,1,5,0
9,1,2,6,0,0,1,6,0
0,6,2,6,0,0,1,5,0
8,3,2,3,0,0,1,5,0
2,1,3,6,0,0,1,5,0
0,2,2,6,0,0,1,5,0
6,4,2,6,0,0,1,5,0
9,4,2,4,0,0,1,5,0
9,4,2,6,0,0,1,6,0
0,15,2,5,0,0,1,5,0
0,2,2,6,0,0,1,5,0
0,4,2,6,0,0,1,5,0
0,10,2,9,0,0,1,6,0
0,10,2,6,0,0,1,5,0
0,3,2,6,0,0,1,5,0
2,2,2,5,0,0,1,5,0
0,2,2,6,0,0,1,5,0
0,2,2,6,0,0,1,5,0
0,1,2,5,0,0,1,5,0
0,0,1,5,0,0,0,5,0
0,7,2,4,0,0,1,5,0
15,2,2,5,0,0,1,5,0
0,6,2,4,0,0,1,5,0
6,1,2,5,0,0,1,6,0
0,2,2,6,0,0,1,5,0
6,1,2,6,0,0,1,5,0
1,1,2,6,0,0,1,6,0
0,7,2,6,0,0,1,6,0
0,1,2,6,0,0,1,6,0
0,4,2,6,0,0,1,6,0
6,1,2,6,0,0,1,5,0
0,1,2,6,0,0,1,5,0
0,1,2,6,0,0,1,5,0
0,3,2,6,0,0,1,5,0
0,12,2,5,0,0,1,5,0
0,3,2,4,0,0,1,5,0
0,4,2,6,0,0,1,5,0
2,2,2,6,0,0,1,5,0
2,1,2,6,0,0,1,5,0
1,1,2,6,0,0,1,6,0
0,16,2,6,0,0,1,5,0
0,3,3,6,0,0,1,6,0
0,2,2,6,0,0,1,6,0
3,3,2,4,0,0,1,5,0
5,3,2,4,0,0,1,5,0
6,3,2,6,0,0,1,6,0
5,3,2,5,0,0,1,5,0
5,3,2,6,0,0,1,6,0
2,2,2,6,0,0,1,5,0
4,3,2,6,0,0,1,6,0
5,3,2,5,0,0,1,5,0
0,3,3,4,0,0,1,5,0
8,4,2,5,0,0,1,5,0
0,2,2,6,0,0,1,6,0
4,1,2,6,0,0,1,6,0
3,1,2,6,0,0,1,6,0
8,1,2,6,0,0,1,6,0
2,1,2,5,0,0,1,5,0
9,2,2,5,0,0,1,5,0
2,2,2,5,0,0,1,5,0
0,17,2,6,0,0,1,5,0
0,17,2,6,0,0,1,6,0
0,3,2,5,0,0,1,5,0
0,10,2,6,0,0,1,6,0
0,10,2,4,0,0,1,5,0
1,10,2,6,0,0,1,6,0
3,1,2,6,0,0,1,6,0
1,3,3,4,0,0,1,5,0
9,4,2,6,0,0,1,6,0
0,13,2,6,0,0,1,6,0
2,1,2,5,0,0,1,5,0
0,1,2,6,0,0,1,6,0
0,2,2,4,0,0,1,5,0
0,4,3,6,0,0,1,6,0
0,0,2,6,0,0,0,5,0
0,4,2,5,0,0,1,5,0
0,1,2,6,0,0,1,5,0
0,1,2,6,0,0,1,6,0
0,1,2,6,0,0,1,6,0
0,1,2,6,0,0,1,5,0
0,5,2,4,0,0,1,5,0
2,1,2,5,0,0,1,5,0
1,5,2,6,0,0,1,5,0
0,5,2,6,0,0,1,6,0
3,1,2,6,0,0,1,5,0
9,1,2,4,0,0,1,5,0
0,8,2,5,0,0,1,5,0
1,1,2,5,0,0,1,5,0
0,1,2,6,0,0,1,6,0
0,1,2,6,0,0,1,5,0
0,0,1,6,0,0,0,6,0
0,1,2,5,0,0,1,5,0
0,2,2,4,0,0,1,5,0
1,1,3,6,0,0,1,6,0
0,1,2,5,0,0,1,5,0
0,1,2,6,0,0,1,5,0
0,1,2,5,0,0,1,5,0
0,1,2,6,0,0,1,5,0
0,2,3,6,0,0,1,5,0
1,1,2,6,0,0,1,5,0
3,1,2,4,0,0,1,5,0
7,4,2,6,0,0,1,5,0
9,1,2,4,0,0,1,5,0
2,2,2,5,0,0,1,5,0
2,1,3,6,0,0,1,6,0
0,4,2,6,0,0,1,6,0
0,1,2,6,0,0,1,6,0
0,4,2,6,0,0,1,5,0
0,8,2,5,0,0,1,5,0
0,0,1,6,0,0,0,6,0
0,7,2,6,0,0,1,5,0
0,3,2,6,0,0,1,5,0
0,3,2,6,0,0,1,5,0
0,3,2,6,0,0,1,6,0
0,1,2,6,0,0,1,6,0
1,2,2,4,0,0,1,5,0
0,5,2,4,0,0,1,5,0
0,1,2,6,0,0,1,5,0
0,4,2,5,0,0,1,6,0
0,1,2,6,0,0,1,6,0
0,2,2,4,0,0,1,5,0
0,3,2,4,0,0,1,5,0
0,1,2,4,0,0,1,5,0
0,1,1,6,0,0,0,5,0
0,2,2,4,0,0,1,5,0
0,2,2,5,0,0,1,5,0
2,1,2,5,0,0,1,5,0
0,1,2,6,0,0,1,5,0
0,1,2,4,0,0,1,5,0
0,2,3,5,0,0,1,5,0
0,1,2,6,0,0,1,5,0
1,3,2,5,0,0,1,5,0
0,4,2,4,0,0,1,5,0
0,3,2,5,0,0,1,5,0
0,1,2,4,0,0,1,5,0
0,1,2,6,0,0,1,5,0
0,1,2,5,0,0,1,5,0
2,1,2,6,0,0,1,5,0
0,1,2,6,0,0,1,5,0
0,5,2,6,0,0,1,5,0
0,5,2,6,0,0,1,6,0
0,5,1,4,0,0,1,5,0
0,17,2,4,0,0,1,5,0
0,4,2,6,0,0,1,5,0
0,2,2,5,0,0,1,5,0
0,3,3,6,0,0,1,6,0
11,4,2,5,0,0,1,6,0
9,4,2,6,0,0,1,6,0
2,1,2,4,0,0,1,5,0
0,1,2,6,0,0,1,6,0
0,1,2,6,0,0,1,5,0
0,6,2,4,0,0,1,5,0
1,5,2,6,0,0,1,5,0
0,5,2,4,0,0,1,5,0
0,1,2,4,0,0,1,5,0
4,3,2,6,0,0,1,6,0
5,3,2,6,0,0,1,5,0
4,3,2,6,0,0,1,5,0
5,3,2,6,0,0,1,5,0
0,1,2,6,0,0,1,5,0
5,3,2,8,0,0,1,5,0
3,3,2,4,0,0,1,5,0
4,3,2,6,0,0,1,6,0
3,3,2,6,0,0,1,6,0
3,3,2,5,0,0,1,5,0
4,3,2,6,0,0,1,6,0
6,3,2,5,0,0,1,5,0
5,3,2,5,0,0,1,6,0
5,3,2,6,0,0,1,5,0
5,3,2,6,0,0,1,5,0
0,1,2,6,0,0,1,5,0
0,4,3,4,0,0,1,5,0
0,4,2,6,0,0,1,5,0
0,3,2,6,0,0,1,6,0
0,5,2,6,0,0,1,6,0
0,5,2,5,0,0,1,6,0
17,1,2,6,0,0,1,6,0
9,1,2,6,0,0,1,6,0
0,5,2,6,0,0,1,6,0
0,4,2,4,0,0,1,5,0
0,2,2,5,0,0,1,5,0
0,1,2,6,0,0,1,5,0
3,1,2,6,0,0,1,5,0
0,5,2,6,0,0,1,6,0
0,3,2,6,0,0,1,5,0
0,6,2,5,0,0,1,6,0
0,6,2,6,0,0,1,6,0
0,3,2,4,0,0,1,5,0
0,1,2,6,0,0,1,5,0
0,2,3,5,0,0,1,5,0
0,2,3,6,0,0,1,6,0
0,1,3,6,0,0,1,5,0
2,1,2,4,0,0,1,5,0
1,1,3,6,0,0,1,6,0
0,1,2,6,0,0,1,6,0
1,4,3,6,0,0,1,6,0
1,1,2,6,0,0,1,6,0
0,17,2,4,0,0,1,5,0
0,1,2,6,0,0,1,6,0
0,1,2,6,0,0,1,5,0
0,1,2,6,0,0,1,6,0
0,1,2,5,0,0,1,5,0
0,1,2,6,0,0,1,6,0
3,1,2,5,0,0,1,5,0
0,1,2,6,0,0,1,6,0
0,1,2,6,0,0,1,6,0
0,1,2,4,0,0,1,5,0
0,1,2,6,0,0,1,5,0
0,1,2,5,0,0,1,5,0
0,1,2,6,0,0,1,5,0
0,1,2,6,0,0,1,5,0
0,2,2,6,0,0,1,5,0
0,2,2,6,0,0,1,5,0
8,3,2,6,0,0,1,6,0
0,1,2,5,0,0,1,5,0
0,17,2,6,0,0,1,5,0
0,3,2,6,0,0,1,6,0
0,3,2,6,0,0,1,5,0
1,1,2,6,0,0,1,5,0
9,2,2,4,0,0,1,5,0
8,1,2,4,0,0,1,5,0
0,1,2,6,0,0,1,6,0
9,4,2,4,0,0,1,5,0
0,1,2,4,0,0,1,5,0
3,1,2,6,0,0,1,6,0
0,0,2,4,0,0,0,5,0
0,1,1,40,0,0,1,4,0
0,2,2,6,0,0,1,5,0
0,10,2,6,0,0,1,6,0
0,5,2,6,0,0,1,5,0
0,1,2,5,0,0,1,5,0
0,5,2,6,0,0,1,5,0
0,5,2,4,0,0,1,5,0
0,5,2,6,0,0,1,6,0
0,5,3,6,0,0,1,6,0
0,4,3,5,0,0,1,5,0
0,4,2,6,0,0,1,5,0
1,2,3,20,0,0,1,5,0
0,1,2,6,0,0,1,6,0
0,16,2,4,0,0,1,5,0
0,16,2,5,0,0,1,5,0
0,16,2,5,0,0,1,5,0
0,3,2,5,0,0,1,5,0
42,1,3,6,1,0,1,6,0
0,4,3,6,0,0,1,6,0
0,3,1,80,0,0,1,4,0
0,1,1,80,0,0,1,4,0
0,1,1,80,0,0,1,4,0
2,2,2,4,0,0,1,5,0
0,1,1,80,0,0,1,4,0
0,5,1,80,0,0,1,4,0
0,1,1,80,0,0,1,4,0
0,4,2,80,0,0,1,4,0
0,1,1,80,0,0,1,4,0
0,1,1,80,0,0,1,4,0
0,1,1,80,0,0,1,4,0
0,1,1,80,0,0,1,4,0
0,1,1,80,0,0,1,4,0
0,1,1,80,0,0,1,4,0
2,2,2,5,0,0,1,5,0
0,1,1,80,0,0,1,4,0
0,1,1,80,0,0,1,4,0
0,1,1,80,0,0,1,4,0
0,1,1,80,0,0,1,4,0
0,17,1,80,0,0,1,4,0
0,4,1,80,0,0,1,4,0
0,3,1,80,0,0,1,4,0
0,3,1,80,0,0,1,4,0
0,1,1,80,0,0,1,4,0
0,1,1,96,0,0,1,4,0
0,2,3,6,0,0,1,5,0
0,4,1,80,0,0,1,4,0
0,1,1,80,0,0,1,4,0
0,1,1,80,0,0,1,4,0
0,1,1,80,0,0,1,4,0
0,1,1,80,0,0,1,4,0
0,1,1,80,0,0,1,4,0
0,1,1,80,0,0,1,4,0
0,3,1,80,0,0,1,4,0
0,2,1,80,0,0,1,4,0
0,2,1,80,0,0,1,4,0
0,2,2,6,0,0,1,5,0
0,0,0,79,0,0,0,4,0
0,0,0,80,0,0,0,4,0
0,0,0,80,0,0,0,4,0
0,0,0,80,0,0,0,4,0
0,1,1,80,0,0,1,4,0
0,1,1,80,0,0,1,4,0
0,1,1,80,0,0,1,4,0
0,2,1,80,0,0,1,4,0
0,2,2,79,0,0,1,4,0
0,1,1,80,0,0,1,4,0
2,1,2,4,0,0,1,5,0
0,1,1,80,0,0,1,4,0
0,3,1,80,0,0,1,4,0
0,1,1,80,0,0,1,4,0
0,1,1,80,0,0,1,4,0
0,1,1,80,0,0,1,4,0
0,5,2,80,0,0,1,4,0
0,5,2,79,0,0,1,4,0
0,3,1,80,0,0,1,4,0
0,1,1,80,0,0,1,4,0
0,0,0,80,0,0,0,4,0
0,4,2,5,0,0,1,6,0
0,0,0,96,0,0,0,4,0
0,1,1,80,0,0,1,4,0
0,0,0,80,0,0,0,4,0
0,0,0,80,0,0,0,4,0
0,3,1,80,0,0,1,4,0
0,1,1,80,0,0,1,4,0
0,1,1,80,0,0,1,4,0
0,2,1,80,0,0,1,4,0
0,2,1,80,0,0,1,4,0
0,4,1,80,0,0,1,4,0
0,1,2,6,0,0,1,5,0
0,1,2,80,0,0,1,4,0
0,1,2,80,0,0,1,4,0
0,1,2,80,0,0,1,4,0
0,3,1,80,0,0,1,4,0
0,1,1,80,0,0,1,4,0
0,1,1,80,0,0,1,4,0
0,1,1,80,0,0,1,4,0
0,2,1,80,0,0,1,4,0
0,13,2,6,0,0,1,6,0
0,1,2,4,0,0,1,5,0
0,0,1,6,0,0,0,5,0
0,1,2,6,0,0,1,5,0
0,2,2,4,0,0,1,5,0
0,2,2,6,0,0,1,6,0
0,2,2,6,0,0,1,5,0
4,1,2,6,0,0,1,6,0
0,0,1,5,0,0,0,5,0
0,10,2,6,0,0,1,6,0
7,1,2,6,0,0,1,5,0
0,1,2,5,0,0,1,5,0
0,4,2,8,0,0,1,6,0
0,0,2,12,0,0,0,6,0
1,1,2,5,0,0,1,5,0
0,1,2,5,0,0,1,5,0
0,2,3,5,0,0,1,6,0
0,2,3,6,0,0,1,6,0
0,13,3,6,0,0,1,6,0
0,13,3,6,0,0,1,5,0
0,13,3,6,0,0,1,5,0
0,13,3,6,0,0,1,5,0
0,11,2,6,0,0,1,5,0
0,1,2,6,0,0,1,5,0
0,10,3,6,0,0,1,6,0
3,2,2,6,0,0,1,5,0
0,1,2,6,0,0,1,5,0
0,1,2,6,0,0,1,5,0
0,6,2,6,0,0,1,6,0
9,4,2,6,0,0,1,6,0
0,33,3,6,0,0,1,6,0
0,33,3,5,0,0,1,5,0
0,41,3,4,0,0,1,5,0
0,33,3,5,0,0,1,5,0
0,33,3,6,0,0,1,5,0
0,41,2,6,0,0,1,5,0
2,2,3,4,0,0,1,5,0
0,33,3,35,0,0,1,5,0
0,33,3,6,0,0,1,5,0
0,33,3,6,0,0,1,5,0
0,33,3,6,0,0,1,5,0
0,33,3,6,0,0,1,5,0
0,33,3,6,0,0,1,5,0
0,33,3,6,0,0,1,5,0
0,33,3,6,0,0,1,6,0
0,1,2,6,0,0,1,5,0
13,4,2,4,0,0,1,5,0
1,2,3,6,0,0,1,6,0
0,17,2,6,0,0,1,5,0
0,2,2,6,0,0,1,6,0
0,1,2,6,0,0,1,5,0
0,1,2,4,0,0,1,5,0
1,2,2,4,0,0,1,5,0
0,2,2,13,0,0,1,6,0
1,6,2,6,0,0,1,5,0
0,2,2,6,0,0,1,5,0
0,3,2,5,0,0,1,5,0
11,2,2,5,0,0,1,5,0
2,2,2,6,0,0,1,5,0
0,1,2,6,0,0,1,6,0
0,1,2,6,0,0,1,5,0
0,0,1,4,0,0,0,5,0
0,3,2,6,0,0,1,5,0
0,1,2,6,0,0,1,6,0
0,1,2,5,0,0,1,5,0
0,1,2,6,0,0,1,5,0
0,1,2,6,0,0,1,5,0
0,3,2,6,0,0,1,5,0
0,3,2,6,0,0,1,6,0
0,1,2,5,0,0,1,6,0
0,3,2,4,0,0,1,5,0
0,3,2,4,0,0,1,5,0
0,3,2,6,0,0,1,6,0
0,3,2,6,0,0,1,6,0
0,3,2,5,0,0,1,5,0
0,3,2,6,0,0,1,6,0
0,3,2,6,0,0,1,6,0
0,3,2,6,0,0,1,6,0
0,1,2,6,0,0,1,6,0
0,4,3,6,0,0,1,5,0
0,1,2,5,0,0,1,5,0
4,1,2,6,0,0,1,5,0
1,3,3,4,0,0,1,5,0
0,3,3,6,0,0,1,6,0
0,3,3,6,0,0,1,6,0
0,3,3,4,0,0,1,5,0
0,3,3,6,0,0,1,5,0
0,0,1,5,0,0,0,5,0
0,0,1,5,0,0,0,5,0
0,2,2,6,0,0,1,6,0
0,1,2,5,0,0,1,5,0
2,1,2,4,0,0,1,5,0
0,1,2,6,0,0,1,5,0
0,4,2,6,0,0,1,5,0
0,4,2,6,0,0,1,6,0
0,3,2,6,0,0,1,5,0
0,17,2,6,0,0,1,5,0
0,4,2,6,0,0,1,5,0
8,1,2,6,0,0,1,6,0
6,1,2,6,0,0,1,6,0
0,1,2,5,0,0,1,5,0
7,1,2,6,0,0,1,5,0
2,1,2,5,0,0,1,5,0
0,1,2,6,0,0,1,5,0
0,6,2,6,0,0,1,5,0
0,1,2,6,0,0,1,5,0
0,13,2,5,0,0,1,6,0
0,2,2,6,0,0,1,6,0
7,2,4,6,0,0,1,5,0
6,2,4,6,0,0,1,5,0
0,2,3,5,0,0,1,5,0
0,1,3,14,0,0,1,6,0
0,1,2,5,0,0,1,5,0
0,2,2,6,0,0,1,5,0
1,4,2,6,0,0,1,5,0
1,4,2,6,0,0,1,6,0
0,3,2,4,0,0,1,5,0
0,6,2,6,0,0,1,6,0
0,6,2,6,0,0,1,6,0
0,6,2,5,0,0,1,5,0
0,3,2,4,0,0,1,5,0
0,3,2,6,0,0,1,5,0
0,6,2,4,0,0,1,5,0
0,6,2,6,0,0,1,6,0
0,1,2,6,0,0,1,5,0
2,3,2,6,0,0,1,5,0
0,2,2,4,0,0,1,5,0
0,2,2,6,0,0,1,6,0
0,10,2,5,0,0,1,5,0
0,1,4,6,0,0,1,6,0
0,2,2,5,0,0,1,5,0
2,35,2,5,0,0,1,5,0
0,3,2,6,0,0,1,5,0
11,4,2,5,0,0,1,6,0
8,1,2,6,0,0,1,6,0
0,3,2,6,0,0,1,5,0
1,3,3,6,0,0,1,6,0
0,5,2,4,0,0,1,5,0
0,0,1,4,0,0,0,5,0
0,1,2,6,0,0,1,6,0
1,6,2,4,0,0,1,5,0
0,6,2,6,0,0,1,5,0
0,6,2,6,0,0,1,5,0
0,3,1,5,0,0,0,5,0
0,3,1,6,0,0,0,5,0
0,7,2,4,0,0,1,5,0
0,1,2,4,0,0,1,5,0
0,3,1,80,0,0,1,4,0
0,5,2,5,0,0,1,5,0
0,1,3,6,0,0,1,5,0
0,6,2,4,0,0,1,5,0
0,6,2,6,0,0,1,5,0
0,6,2,6,0,0,1,5,0
0,6,2,5,0,0,1,5,0
0,1,2,6,0,0,1,5,0
0,1,2,6,0,0,1,5,0
0,5,1,5,0,0,1,5,0
0,4,1,80,0,0,1,4,0
1,1,2,6,0,0,1,5,0
0,1,1,80,0,0,1,4,0
0,1,1,80,0,0,1,4,0
0,1,1,80,0,0,1,4,0
0,1,1,80,0,0,1,4,0
0,2,1,80,0,0,1,4,0
0,2,1,80,0,0,1,4,0
0,1,1,80,0,0,1,4,0
0,13,1,80,0,0,1,4,0
0,16,1,80,0,0,1,4,0
0,17,1,64,0,0,1,4,0
2,1,2,5,0,0,1,5,0
0,4,1,80,0,0,1,4,0
0,4,1,80,0,0,1,4,0
0,1,1,80,0,0,1,4,0
2,12,2,13,0,0,1,6,0
0,2,2,5,0,0,1,5,0
0,1,2,13,0,0,1,6,0
0,1,2,5,0,0,1,5,0
0,5,2,6,0,0,1,5,0
0,1,2,5,0,0,1,6,0
0,1,2,5,0,0,1,5,0
3,1,2,4,0,0,1,5,0
0,9,3,4,0,0,1,5,0
0,9,3,6,0,0,1,6,0
0,9,3,5,0,0,1,5,0
0,1,2,6,0,0,1,5,0
0,1,2,6,0,0,1,5,0
0,2,2,6,0,0,1,6,0
0,0,2,6,0,0,0,5,0
8,1,2,5,0,0,1,5,0
0,3,2,5,0,0,1,5,0
4,1,2,6,0,0,1,6,0
1,2,3,5,0,0,1,5,0
4,1,2,4,0,0,1,5,0
0,2,2,6,0,0,1,5,0
0,2,2,6,0,0,1,6,0
0,5,2,5,0,0,1,6,0
0,5,2,6,0,0,1,6,0
0,5,2,6,0,0,1,6,0
0,2,3,5,0,0,1,5,0
0,2,3,5,0,0,1,5,0
0,1,2,6,0,0,1,5,0
0,2,2,6,0,0,1,5,0
0,2,2,6,0,0,1,5,0
3,1,2,4,0,0,1,5,0
0,1,2,6,0,0,1,6,0
0,10,2,6,0,0,1,5,0
0,1,2,6,0,0,1,5,0
0,5,2,4,0,0,1,5,0
0,4,2,6,0,0,1,6,0
0,17,2,4,0,0,1,5,0
0,1,2,4,0,0,1,5,0
0,0,1,4,0,0,0,5,0
0,1,2,6,0,0,1,5,0
1,8,2,6,0,0,1,5,0
0,3,2,4,0,0,1,5,0
0,1,2,5,0,0,1,5,0
0,1,2,6,0,0,1,5,0
0,1,3,8,0,0,1,5,0
0,1,2,6,0,0,1,5,0
0,1,2,6,0,0,1,5,0
0,1,2,6,0,0,1,5,0
0,2,3,6,0,0,1,5,0
0,5,2,4,0,0,1,5,0
1,1,2,6,0,0,1,5,0
2,1,2,4,0,0,1,5,0
1,1,2,6,0,0,1,6,0
0,3,2,6,0,0,1,5,0
0,1,2,6,0,0,1,6,0
24,4,2,6,0,0,1,5,0
22,4,2,6,0,0,1,5,0
0,1,2,12,0,0,1,6,0
0,3,2,4,0,0,1,5,0
0,2,3,6,0,0,1,5,0
0,17,2,6,0,0,1,6,0
0,17,2,9,0,0,1,5,0
28,13,6,5,1,1,1,5,1
25,10,6,4,1,1,1,5,1
30,4,5,5,1,1,1,5,1
33,11,5,4,1,1,1,5,1
39,11,5,6,1,1,1,6,1
38,11,5,5,1,1,1,5,1
31,11,5,6,1,1,1,5,1
30,11,5,4,1,1,1,5,1
40,11,5,6,1,1,1,5,1
33,11,5,6,1,1,1,5,1
38,11,5,4,1,1,1,5,1
31,11,5,4,1,1,1,5,1
38,11,5,4,1,1,1,5,1
27,6,6,6,1,1,1,6,1
38,11,5,5,1,1,1,5,1
32,11,5,5,1,1,1,5,1
33,11,5,4,1,1,1,5,1
33,11,5,6,1,1,1,5,1
33,11,5,6,1,1,1,6,1
40,11,5,6,1,1,1,5,1
39,11,5,4,1,1,1,5,1
33,11,5,5,1,1,1,5,1
30,9,5,6,1,1,1,5,1
29,6,5,6,1,1,1,5,1
32,11,5,4,1,1,1,5,1
25,6,5,6,1,1,1,6,1
35,3,5,5,1,1,1,6,1
39,3,5,6,1,1,1,5,1
18,0,1,7,0,0,0,6,1
37,3,5,5,1,1,1,6,1
32,3,5,6,1,1,1,6,1
27,6,5,6,1,1,1,5,1
30,6,5,4,1,1,1,5,1
29,6,5,5,1,1,1,6,1
28,6,5,5,1,1,1,5,1
32,11,5,9,1,1,1,5,1
26,6,5,4,1,1,1,5,1
31,6,5,4,1,1,1,5,1
28,6,5,6,1,1,1,5,1
28,6,5,4,1,1,1,5,1
30,6,5,5,1,1,1,5,1
30,6,5,4,1,1,1,5,1
31,6,5,4,1,1,1,5,1
30,6,5,4,1,1,1,5,1
39,6,5,6,1,1,1,6,1
31,6,5,4,1,1,1,5,1
31,11,5,5,1,1,1,5,1
31,6,5,4,1,1,1,5,1
32,6,5,4,1,1,1,5,1
29,6,5,4,1,1,1,5,1
29,6,5,6,1,1,1,5,1
29,9,5,6,1,1,1,5,1
29,9,5,4,1,1,1,5,1
39,7,7,6,1,1,1,6,1
36,9,5,4,1,1,1,5,1
32,3,5,4,1,1,1,5,1
29,9,5,4,1,1,1,5,1
30,11,5,6,1,1,1,5,1
38,1,5,6,1,1,1,5,1
13,0,1,4,0,0,0,5,1
16,0,1,6,0,0,0,6,1
17,0,1,4,0,0,0,5,1
17,0,1,4,0,0,0,5,1
32,3,5,6,1,1,1,6,1
31,7,5,6,1,1,1,5,1
29,7,5,6,1,1,1,5,1
28,4,5,19,1,1,1,6,1
32,6,5,20,1,1,1,6,1
32,11,5,4,1,1,1,5,1
35,5,5,17,1,1,1,5,1
36,5,5,17,1,1,1,6,1
27,101,5,19,1,1,1,5,1
31,6,5,19,1,1,1,6,1
38,8,5,4,1,1,1,5,1
28,6,5,17,1,1,1,5,1
31,8,5,5,1,1,1,5,1
37,6,5,20,1,1,1,6,1
31,6,5,4,1,1,1,5,1
32,6,5,19,1,1,1,6,1
32,11,5,6,1,1,1,5,1
35,6,5,5,1,1,1,6,1
27,8,5,5,1,1,1,5,1
30,8,5,4,1,1,1,5,1
29,8,5,6,1,1,1,5,1
29,8,5,6,1,1,1,6,1
29,5,5,5,1,1,1,5,1
37,7,5,6,1,1,1,5,1
0,0,1,6,0,0,0,5,1
40,7,5,4,1,1,1,5,1
28,7,5,4,1,1,1,5,1
30,11,5,4,1,1,1,5,1
36,10,5,6,1,1,1,5,1
30,13,5,4,1,1,1,5,1
31,13,5,4,1,1,1,5,1
20,0,2,5,1,0,0,5,1
28,11,5,4,1,1,1,5,1
29,6,5,4,1,1,1,5,1
31,6,5,4,1,1,1,5,1
32,3,5,6,1,1,1,5,1
30,5,5,4,1,1,1,5,1
29,5,5,4,1,1,1,5,1
34,11,5,6,1,1,1,5,1
31,5,5,4,1,1,1,5,1
29,5,5,6,1,1,1,5,1
38,5,5,4,1,1,1,5,1
32,5,5,4,1,1,1,5,1
29,3,5,4,1,1,1,5,1
31,5,5,4,1,1,1,5,1
37,5,5,5,1,1,1,5,1
30,5,5,6,1,1,1,5,1
31,5,5,5,1,1,1,5,1
29,5,5,5,1,1,1,5,1
31,10,6,6,1,1,1,5,1
32,11,5,5,1,1,1,6,1
28,5,5,6,1,1,1,5,1
28,5,5,4,1,1,1,5,1
28,5,5,5,1,1,1,6,1
30,5,5,6,1,1,1,5,1
38,7,5,6,1,1,1,5,1
32,7,5,6,1,1,1,5,1
41,7,5,6,1,1,1,5,1
28,7,5,6,1,1,1,5,1
27,0,2,6,1,0,0,5,1
29,7,5,5,1,1,1,5,1
31,11,5,4,1,1,1,5,1
33,4,5,6,1,1,1,5,1
31,5,6,5,1,1,1,5,1
30,5,6,4,1,1,1,5,1
35,5,6,6,1,1,1,6,1
30,7,5,6,1,1,1,5,1
29,7,5,4,1,1,1,5,1
32,7,5,4,1,1,1,5,1
30,7,5,5,1,1,1,5,1
31,7,5,6,1,1,1,5,1
23,65,4,6,0,1,1,5,1
31,11,5,4,1,1,1,5,1
24,65,5,5,1,1,1,5,1
26,65,5,5,1,1,1,5,1
25,65,5,3,1,1,1,5,1
31,60,5,4,1,1,1,5,1
32,60,5,6,1,1,1,6,1
25,11,5,10,1,1,1,5,1
3,4,4,5,0,1,1,5,1
26,0,2,5,1,0,0,6,1
27,0,2,6,1,0,0,5,1
30,4,5,6,1,1,1,5,1
37,11,5,5,1,1,1,5,1
33,4,5,6,1,1,1,5,1
31,3,5,6,1,1,1,6,1
29,6,5,6,1,1,1,5,1
37,3,5,4,1,1,1,5,1
39,3,5,6,1,1,1,6,1
37,6,5,4,1,1,1,5,1
29,3,5,6,1,1,1,6,1
41,3,5,4,1,1,1,5,1
32,3,5,5,1,1,1,5,1
31,3,5,3,1,1,1,5,1
33,11,5,4,1,1,1,5,1
30,4,5,6,1,1,1,5,1
31,4,5,6,1,1,1,5,1
33,9,5,6,1,1,1,6,1
33,9,5,4,1,1,1,5,1
34,9,5,5,1,1,1,5,1
33,9,5,5,1,1,1,5,1
34,9,5,6,1,1,1,5,1
33,3,6,5,1,1,1,5,1
35,3,6,6,1,1,1,5,1
33,3,5,6,1,1,1,5,1
29,11,5,5,1,1,1,5,1
32,4,5,6,1,1,1,5,1
31,9,5,6,1,1,1,5,1
31,9,5,6,1,1,1,6,1
30,9,5,4,1,1,1,5,1
41,9,5,4,1,1,1,5,1
32,9,5,3,1,1,1,5,1
40,9,5,6,1,1,1,5,1
28,9,5,5,1,1,1,5,1
31,9,5,5,1,1,1,5,1
30,9,5,4,1,1,1,5,1
34,11,5,6,1,1,1,5,1
29,9,5,5,1,1,1,5,1
31,9,5,4,1,1,1,5,1
30,9,5,5,1,1,1,5,1
29,9,5,6,1,1,1,5,1
33,9,5,4,1,1,1,5,1
34,9,5,5,1,1,1,5,1
34,9,5,4,1,1,1,5,1
29,7,5,6,1,1,1,5,1
33,7,5,4,1,1,1,5,1
37,3,5,6,1,1,1,5,1
33,11,5,6,1,1,1,5,1
40,3,5,5,1,1,1,5,1
38,3,5,4,1,1,1,5,1
41,3,5,5,1,1,1,5,1
37,3,5,5,1,1,1,6,1
40,3,5,5,1,1,1,5,1
32,0,2,6,1,0,0,6,1
25,3,4,6,0,1,1,5,1
31,3,5,6,1,1,1,5,1
33,3,5,9,1,1,1,5,1
36,3,5,6,1,1,1,5,1
32,11,5,6,1,1,1,5,1
32,3,5,6,1,1,1,5,1
41,3,5,5,1,1,1,5,1
37,3,5,6,1,1,1,5,1
31,3,5,5,1,1,1,5,1
33,3,5,6,1,1,1,6,1
31,3,5,6,1,1,1,6,1
30,3,5,4,1,1,1,5,1
29,3,5,4,1,1,1,5,1
33,4,5,6,1,1,1,5,1
31,4,5,4,1,1,1,5,1
40,11,5,4,1,1,1,5,1
32,3,5,5,1,1,1,5,1
31,3,5,4,1,1,1,5,1
31,4,5,6,1,1,1,6,1
32,4,5,6,1,1,1,5,1
39,4,5,6,1,1,1,5,1
33,4,5,6,1,1,1,5,1
39,4,5,5,1,1,1,5,1
31,3,5,6,1,1,1,5,1
30,4,5,6,1,1,1,5,1
27,3,5,5,1,1,1,5,1
32,10,6,5,1,1,1,5,1
32,11,5,6,1,1,1,5,1
31,3,5,4,1,1,1,5,1
30,9,5,6,1,1,1,6,1
35,4,5,6,1,1,1,5,1
30,9,5,5,1,1,1,5,1
31,3,5,4,1,1,1,5,1
31,3,5,4,1,1,1,5,1
32,3,5,6,1,1,1,6,1
33,3,5,4,1,1,1,5,1
31,3,5,6,1,1,1,5,1
32,4,5,6,1,1,1,6,1
39,11,5,4,1,1,1,5,1
33,3,5,4,1,1,1,5,1
30,6,5,5,1,1,1,5,1
31,3,5,4,1,1,1,5,1
33,4,5,5,1,1,1,6,1
26,15,5,5,1,1,1,6,1
30,15,5,4,1,1,1,5,1
32,3,5,4,1,1,1,5,1
34,3,5,6,1,1,1,5,1
35,3,5,4,1,1,1,5,1
31,2,5,4,1,1,1,5,1
42,11,5,4,1,1,1,5,1
30,3,5,6,1,1,1,5,1
30,3,5,4,1,1,1,5,1
32,3,5,5,1,1,1,5,1
32,3,5,4,1,1,1,5,1
32,3,5,4,1,1,1,5,1
32,3,5,6,1,1,1,5,1
32,3,5,4,1,1,1,5,1
32,3,5,6,1,1,1,5,1
32,3,5,5,1,1,1,5,1
42,3,5,6,1,1,1,5,1
32,11,5,4,1,1,1,5,1
31,3,5,5,1,1,1,5,1
32,3,5,6,1,1,1,6,1
34,4,5,5,1,1,1,5,1
33,3,5,6,1,1,1,5,1
39,3,5,6,1,1,1,5,1
33,3,5,6,1,1,1,5,1
31,0,4,6,1,1,0,5,1
32,3,5,6,1,1,1,6,1
30,3,5,6,1,1,1,5,1
31,3,5,6,1,1,1,6,1
39,11,5,4,1,1,1,5,1
32,3,5,5,1,1,1,5,1
33,3,5,4,1,1,1,5,1
32,3,5,6,1,1,1,5,1
32,3,5,9,1,1,1,5,1
25,4,5,5,1,1,1,5,1
26,3,5,4,1,1,1,5,1
33,3,5,6,1,1,1,5,1
31,3,5,6,1,1,1,5,1
30,3,5,6,1,1,1,5,1
35,3,5,6,1,1,1,5,1
39,11,5,6,1,1,1,5,1
28,0,4,6,1,1,0,5,1
33,3,5,6,1,1,1,5,1
30,3,5,6,1,1,1,6,1
30,3,5,6,1,1,1,5,1
31,3,5,6,1,1,1,5,1
30,3,5,6,1,1,1,5,1
33,3,5,4,1,1,1,5,1
29,3,5,6,1,1,1,6,1
33,3,5,6,1,1,1,6,1
30,3,5,4,1,1,1,5,1
30,11,5,4,1,1,1,5,1
32,3,5,6,1,1,1,5,1
38,3,5,6,1,1,1,5,1
28,3,5,6,1,1,1,5,1
32,3,5,3,1,1,1,5,1
35,6,5,4,1,1,1,5,1
27,6,5,5,1,1,1,5,1
33,6,5,5,1,1,1,5,1
31,3,5,4,1,1,1,5,1
0,0,1,6,0,0,0,5,1
24,0,2,5,1,0,0,5,1
33,11,5,4,1,1,1,5,1
22,0,2,6,1,0,0,5,1
40,1,5,3,1,1,1,5,1
6,3,4,5,0,1,1,5,1
26,0,2,6,1,0,0,5,1
36,1,5,4,1,1,1,5,1
0,0,1,6,0,0,0,5,1
28,0,2,6,1,0,0,5,1
29,0,2,4,1,0,0,5,1
25,0,2,4,1,0,0,5,1
32,0,2,4,1,0,0,5,1
38,11,5,6,1,1,1,5,1
28,0,2,5,1,0,0,6,1
29,0,2,4,1,0,0,5,1
30,0,2,6,1,0,0,5,1
25,0,2,5,1,0,0,5,1
30,0,2,6,1,0,0,5,1
28,0,2,4,1,0,0,5,1
27,0,2,5,1,0,0,5,1
28,0,2,4,1,0,0,5,1
28,0,2,5,1,0,0,6,1
26,0,2,5,1,0,0,5,1
33,11,5,5,1,1,1,5,1
25,0,2,4,1,0,0,5,1
25,0,2,3,1,0,0,5,1
29,0,2,6,1,0,0,5,1
26,0,2,6,1,0,0,5,1
36,0,2,6,1,0,0,5,1
28,0,2,6,1,0,0,6,1
29,0,2,6,1,0,0,6,1
29,0,2,4,1,0,0,5,1
29,0,2,4,1,0,0,5,1
7,3,4,5,0,1,1,5,1
31,5,5,6,1,1,1,5,1
31,11,5,5,1,1,1,5,1
0,0,1,6,0,0,0,5,1
27,8,6,5,1,1,1,5,1
27,15,6,4,1,1,1,5,1
35,7,6,6,1,1,1,5,1
28,7,6,6,1,1,1,5,1
30,6,5,4,1,1,1,5,1
37,3,5,5,1,1,1,5,1
29,6,5,5,1,1,1,5,1
30,6,5,5,1,1,1,5,1
31,10,6,5,1,1,1,5,1
31,11,5,4,1,1,1,5,1
29,6,5,4,1,1,1,5,1
21,15,5,4,1,1,1,5,1
29,5,5,5,1,1,1,5,1
39,3,5,6,1,1,1,6,1
38,3,5,6,1,1,1,5,1
29,4,5,6,1,1,1,5,1
40,6,5,3,1,1,1,5,1
23,5,4,4,0,1,1,5,1
30,6,5,6,1,1,1,5,1
32,5,5,4,1,1,1,5,1
39,11,5,5,1,1,1,5,1
30,5,5,6,1,1,1,5,1
0,0,1,6,0,0,0,5,1
30,4,5,6,1,1,1,5,1
39,5,5,6,1,1,1,6,1
34,4,5,5,1,1,1,5,1
35,3,5,6,1,1,1,5,1
29,6,5,3,1,1,1,5,1
33,6,5,6,1,1,1,5,1
33,6,5,6,1,1,1,5,1
28,6,5,6,1,1,1,6,1
38,11,5,6,1,1,1,5,1
29,5,6,6,1,1,1,6,1
37,4,5,6,1,1,1,5,1
29,5,6,6,1,1,1,5,1
26,5,6,4,1,1,1,5,1
29,6,5,3,1,1,1,5,1
31,7,5,4,1,1,1,5,1
30,5,5,4,1,1,1,5,1
27,4,5,6,1,1,1,5,1
38,3,5,6,1,1,1,5,1
28,59,6,4,1,1,1,5,1
39,11,5,4,1,1,1,5,1
30,3,5,4,1,1,1,5,1
29,3,5,6,1,1,1,5,1
29,4,5,6,1,1,1,5,1
31,6,5,6,1,1,1,5,1
32,6,5,4,1,1,1,5,1
30,4,5,6,1,1,1,5,1
38,3,5,4,1,1,1,5,1
30,3,5,6,1,1,1,6,1
30,7,5,6,1,1,1,5,1
32,6,5,6,1,1,1,5,1
32,11,5,6,1,1,1,5,1
32,3,5,6,1,1,1,5,1
31,6,5,4,1,1,1,5,1
32,5,5,5,1,1,1,5,1
28,3,5,5,1,1,1,5,1
0,0,1,5,0,0,0,5,1
31,5,5,6,1,1,1,5,1
35,3,5,6,1,1,1,5,1
31,5,5,6,1,1,1,5,1
31,5,5,6,1,1,1,5,1
0,0,1,4,0,0,0,5,1
34,11,5,6,1,1,1,6,1
29,6,5,6,1,1,1,6,1
30,7,5,6,1,1,1,6,1
27,13,6,6,1,1,1,6,1
28,3,5,6,1,1,1,5,1
33,6,5,5,1,1,1,5,1
32,5,5,6,1,1,1,5,1
30,6,5,6,1,1,1,5,1
30,6,5,6,1,1,1,5,1
29,4,5,4,1,1,1,5,1
27,4,5,5,1,1,1,5,1
40,11,5,6,1,1,1,5,1
40,3,5,4,1,1,1,5,1
33,6,5,4,1,1,1,5,1
28,13,6,6,1,1,1,5,1
32,6,5,6,1,1,1,5,1
29,6,5,6,1,1,1,6,1
31,6,5,6,1,1,1,5,1
28,3,5,4,1,1,1,5,1
33,6,5,4,1,1,1,5,1
31,5,5,6,1,1,1,6,1
31,5,5,4,1,1,1,5,1
31,11,5,4,1,1,1,5,1
39,3,5,6,1,1,1,6,1
30,5,5,4,1,1,1,5,1
30,5,5,6,1,1,1,5,1
27,4,5,6,1,1,1,6,1
30,6,5,8,1,1,1,5,1
31,6,5,5,1,1,1,5,1
37,5,6,4,1,1,1,5,1
32,3,5,6,1,1,1,5,1
29,5,5,4,1,1,1,5,1
30,6,5,6,1,1,1,5,1
30,11,5,5,1,1,1,5,1
30,6,5,6,1,1,1,5,1
37,6,5,6,1,1,1,5,1
30,3,5,6,1,1,1,5,1
30,6,5,4,1,1,1,5,1
32,3,5,5,1,1,1,6,1
23,7,4,6,0,1,1,6,1
0,0,1,4,0,0,0,5,1
33,6,5,4,1,1,1,5,1
38,6,5,5,1,1,1,5,1
32,6,5,6,1,1,1,5,1
32,5,5,4,1,1,1,5,1
30,11,5,6,1,1,1,6,1
31,6,5,6,1,1,1,5,1
30,11,5,6,1,1,1,5,1
34,5,6,4,1,1,1,5,1
30,11,5,6,1,1,1,5,1
33,6,5,4,1,1,1,5,1
40,6,5,5,1,1,1,5,1
21,0,1,5,0,0,0,5,1
30,5,5,4,1,1,1,5,1
30,5,5,5,1,1,1,5,1
37,5,5,6,1,1,1,5,1
32,11,5,4,1,1,1,5,1
38,5,5,5,1,1,1,5,1
31,6,5,6,1,1,1,5,1
31,6,5,6,1,1,1,5,1
34,11,5,4,1,1,1,5,1
38,12,5,4,1,1,1,5,1
29,9,5,5,1,1,1,5,1
28,9,5,6,1,1,1,5,1
39,6,6,6,1,1,1,5,1
32,11,5,6,1,1,1,6,1
33,11,5,5,1,1,1,5,1
32,11,5,6,1,1,1,5,1
31,10,5,5,1,1,1,5,1
31,7,5,6,1,1,1,5,1
30,96,5,12,1,1,1,5,1
27,6,6,5,1,1,1,5,1
30,11,5,4,1,1,1,5,1
34,11,5,6,1,1,1,5,1
32,11,5,5,1,1,1,5,1
29,11,5,6,1,1,1,5,1
31,11,5,5,1,1,1,6,1
31,11,5,4,1,1,1,5,1
31,11,5,6,1,1,1,5,1
38,11,5,6,1,1,1,5,1
34,11,5,6,1,1,1,5,1
38,11,5,4,1,1,1,5,1
33,11,5,4,1,1,1,5,1
31,11,5,5,1,1,1,6,1
38,11,5,5,1,1,1,5,1
39,11,5,4,1,1,1,5,1
39,11,5,6,1,1,1,6,1
31,11,5,6,1,1,1,6,1
38,11,5,4,1,1,1,5,1
32,11,5,4,1,1,1,5,1
32,11,5,6,1,1,1,6,1
37,11,5,6,1,1,1,5,1
37,11,5,5,1,1,1,5,1
31,11,5,6,1,1,1,5,1
30,11,5,4,1,1,1,5,1
34,11,5,6,1,1,1,5,1
31,11,5,6,1,1,1,5,1
30,11,5,4,1,1,1,5,1
32,11,5,6,1,1,1,5,1
30,11,5,5,1,1,1,5,1
39,11,5,10,1,1,1,5,1
32,11,5,5,1,1,1,5,1
32,11,5,6,1,1,1,6,1
40,11,5,4,1,1,1,5,1
32,11,5,6,1,1,1,6,1
32,11,5,4,1,1,1,5,1
39,11,5,6,1,1,1,5,1
39,11,5,6,1,1,1,5,1
41,11,5,4,1,1,1,5,1
33,11,5,5,1,1,1,5,1
33,11,5,6,1,1,1,5,1
32,11,5,5,1,1,1,5,1
34,11,5,4,1,1,1,5,1
30,11,5,4,1,1,1,5,1
33,11,5,6,1,1,1,5,1
39,11,5,6,1,1,1,6,1
39,11,5,4,1,1,1,5,1
40,11,5,5,1,1,1,5,1
38,11,5,5,1,1,1,5,1
32,11,5,4,1,1,1,5,1
39,11,5,6,1,1,1,6,1
32,11,5,4,1,1,1,5,1
32,11,5,5,1,1,1,5,1
31,11,5,4,1,1,1,5,1
33,11,5,5,1,1,1,5,1
31,11,5,4,1,1,1,5,1
40,11,5,6,1,1,1,5,1
33,11,5,3,1,1,1,5,1
29,11,5,4,1,1,1,5,1
31,11,5,5,1,1,1,5,1
39,11,5,4,1,1,1,5,1
28,4,5,5,1,1,1,5,1
39,6,5,5,1,1,1,5,1
32,11,5,5,1,1,1,5,1
33,3,5,6,1,1,1,5,1
33,3,5,5,1,1,1,5,1
27,6,5,4,1,1,1,5,1
31,6,5,4,1,1,1,5,1
30,6,5,5,1,1,1,5,1
29,6,5,4,1,1,1,5,1
30,6,5,5,1,1,1,5,1
29,6,5,4,1,1,1,5,1
30,6,5,6,1,1,1,5,1
31,6,5,6,1,1,1,5,1
34,11,5,4,1,1,1,5,1
28,6,5,4,1,1,1,5,1
39,6,5,4,1,1,1,5,1
28,6,5,6,1,1,1,6,1
30,6,5,4,1,1,1,5,1
31,6,5,5,1,1,1,5,1
28,6,5,4,1,1,1,5,1
39,6,5,6,1,1,1,5,1
31,6,5,6,1,1,1,5,1
31,6,5,6,1,1,1,6,1
30,6,5,5,1,1,1,5,1
28,4,5,4,1,1,1,5,1
32,11,5,3,1,1,1,5,1
31,6,5,4,1,1,1,5,1
29,6,5,6,1,1,1,5,1
31,6,5,5,1,1,1,5,1
39,6,5,6,1,1,1,5,1
29,6,5,4,1,1,1,5,1
39,6,5,5,1,1,1,5,1
34,3,5,5,1,1,1,5,1
27,3,5,6,1,1,1,5,1
30,4,5,4,1,1,1,5,1
29,7,5,4,1,1,1,5,1
40,11,5,6,1,1,1,5,1
27,7,5,5,1,1,1,5,1
31,7,5,4,1,1,1,5,1
31,3,5,4,1,1,1,5,1
27,9,5,6,1,1,1,5,1
5,1,4,5,0,1,1,6,1
37,7,7,4,1,1,1,5,1
29,3,5,4,1,1,1,5,1
29,6,5,6,1,1,1,5,1
14,0,1,6,0,0,0,5,1
37,7,5,4,1,1,1,5,1
32,11,5,4,1,1,1,5,1
38,7,5,6,1,1,1,5,1
27,7,5,5,1,1,1,5,1
16,0,1,4,0,0,0,5,1
37,5,5,5,1,1,1,5,1
28,6,5,4,1,1,1,5,1
27,7,5,4,1,1,1,5,1
37,3,5,4,1,1,1,5,1
17,0,1,4,0,0,0,5,1
17,0,1,4,0,0,0,5,1
30,5,5,4,1,1,1,5,1
39,11,5,4,1,1,1,5,1
29,6,5,5,1,1,1,5,1
25,8,5,6,1,1,1,5,1
30,6,5,6,1,1,1,5,1
34,6,5,5,1,1,1,6,1
34,6,5,4,1,1,1,5,1
32,6,5,4,1,1,1,5,1
37,5,5,4,1,1,1,5,1
37,5,5,6,1,1,1,5,1
30,5,5,5,1,1,1,5,1
32,3,5,6,1,1,1,5,1
38,11,5,5,1,1,1,5,1
38,96,5,4,1,1,1,5,1
38,96,5,5,1,1,1,5,1
30,7,5,4,1,1,1,5,1
32,7,5,6,1,1,1,5,1
22,7,4,4,0,1,1,5,1
32,3,5,5,1,1,1,5,1
30,7,5,5,1,1,1,5,1
29,7,5,5,1,1,1,5,1
30,14,5,19,1,1,1,6,1
30,12,5,4,1,1,1,5,1
31,11,5,6,1,1,1,5,1
31,11,5,4,1,1,1,5,1
41,7,6,4,1,1,1,5,1
20,0,2,5,1,0,0,5,1
33,3,5,6,1,1,1,5,1
32,6,5,6,1,1,1,5,1
30,6,5,5,1,1,1,5,1
41,7,5,5,1,1,1,5,1
29,12,5,6,1,1,1,5,1
31,5,5,6,1,1,1,6,1
29,5,5,3,1,1,1,5,1
31,11,5,6,1,1,1,5,1
38,5,5,4,1,1,1,5,1
31,5,5,6,1,1,1,6,1
29,5,5,4,1,1,1,5,1
29,5,5,5,1,1,1,5,1
37,5,5,5,1,1,1,5,1
0,5,3,4,0,1,1,5,1
29,5,5,29,1,1,1,5,1
33,5,5,6,1,1,1,5,1
30,3,5,6,1,1,1,5,1
0,3,3,4,0,1,1,5,1
30,6,5,6,1,1,1,5,1
23,0,2,41,1,0,0,4,1
30,5,5,5,1,1,1,6,1
29,5,5,5,1,1,1,5,1
30,5,5,5,1,1,1,5,1
29,5,5,6,1,1,1,6,1
30,5,5,6,1,1,1,5,1
28,5,5,5,1,1,1,5,1
30,5,5,6,1,1,1,5,1
32,5,5,4,1,1,1,5,1
30,6,5,5,1,1,1,5,1
30,6,5,6,1,1,1,6,1
25,7,5,4,1,1,1,5,1
38,7,5,4,1,1,1,5,1
33,5,6,5,1,1,1,5,1
31,5,6,5,1,1,1,5,1
40,5,6,6,1,1,1,6,1
28,7,5,6,1,1,1,5,1
15,65,4,6,0,1,1,6,1
25,65,5,6,1,1,1,5,1
31,65,5,6,1,1,1,6,1
29,5,5,4,1,1,1,5,1
39,59,5,5,1,1,1,5,1
36,11,5,6,1,1,1,5,1
28,11,5,4,1,1,1,5,1
32,60,5,4,1,1,1,5,1
35,60,5,5,1,1,1,5,1
39,60,5,6,1,1,1,5,1
39,60,5,5,1,1,1,5,1
32,60,5,4,1,1,1,5,1
31,6,5,4,1,1,1,5,1
31,6,5,6,1,1,1,6,1
33,6,5,4,1,1,1,5,1
31,5,5,6,1,1,1,5,1
30,57,5,4,1,1,1,5,1
29,8,5,4,1,1,1,5,1
37,4,5,4,1,1,1,5,1
26,3,6,6,1,1,1,5,1
35,111,6,4,1,1,1,5,1
41,4,5,6,1,1,1,5,1
31,4,5,6,1,1,1,5,1
31,4,5,4,1,1,1,5,1
34,4,5,6,1,1,1,5,1
31,4,5,4,1,1,1,5,1
34,4,5,4,1,1,1,5,1
31,3,6,6,1,1,1,5,1
33,4,5,6,1,1,1,5,1
30,4,5,5,1,1,1,5,1
27,3,6,4,1,1,1,5,1
33,4,5,6,1,1,1,5,1
29,3,6,6,1,1,1,5,1
31,4,5,6,1,1,1,5,1
34,4,5,6,1,1,1,6,1
32,3,5,4,1,1,1,5,1
29,3,5,5,1,1,1,5,1
30,6,5,6,1,1,1,5,1
31,3,5,5,1,1,1,5,1
12,6,4,4,0,1,1,5,1
28,6,5,6,1,1,1,5,1
28,6,5,4,1,1,1,5,1
29,6,5,4,1,1,1,5,1
32,3,5,6,1,1,1,5,1
31,3,5,6,1,1,1,6,1
32,3,5,6,1,1,1,6,1
29,3,5,4,1,1,1,5,1
42,3,5,5,1,1,1,5,1
40,3,5,6,1,1,1,5,1
29,6,5,4,1,1,1,5,1
31,3,5,6,1,1,1,5,1
31,3,5,4,1,1,1,5,1
27,6,5,6,1,1,1,5,1
29,4,5,5,1,1,1,5,1
30,3,5,4,1,1,1,5,1
32,9,5,6,1,1,1,5,1
34,9,5,6,1,1,1,5,1
34,9,5,6,1,1,1,5,1
27,9,5,6,1,1,1,5,1
31,0,2,5,1,0,0,5,1
32,3,5,6,1,1,1,6,1
31,3,6,5,1,1,1,5,1
33,3,5,6,1,1,1,6,1
32,3,5,4,1,1,1,5,1
0,0,1,6,0,0,0,5,1
33,3,5,6,1,1,1,6,1
32,9,5,6,1,1,1,5,1
30,9,5,6,1,1,1,6,1
29,9,5,4,1,1,1,5,1
31,9,5,6,1,1,1,5,1
29,9,5,6,1,1,1,5,1
28,3,5,6,1,1,1,5,1
33,9,5,5,1,1,1,5,1
40,9,5,5,1,1,1,5,1
34,9,5,6,1,1,1,5,1
30,9,5,6,1,1,1,5,1
31,9,5,6,1,1,1,5,1
34,9,5,4,1,1,1,5,1
31,9,5,4,1,1,1,5,1
33,9,5,6,1,1,1,6,1
33,9,5,4,1,1,1,5,1
40,9,5,6,1,1,1,6,1
6,6,4,5,0,1,1,5,1
38,9,5,5,1,1,1,6,1
21,0,2,6,1,0,0,5,1
35,9,5,3,1,1,1,5,1
36,9,5,4,1,1,1,5,1
39,9,5,6,1,1,1,5,1
32,9,5,6,1,1,1,6,1
28,9,5,5,1,1,1,5,1
30,4,5,6,1,1,1,5,1
30,4,5,5,1,1,1,5,1
31,3,5,4,1,1,1,5,1
32,3,5,4,1,1,1,5,1
32,3,5,6,1,1,1,6,1
33,7,5,6,1,1,1,5,1
31,15,5,6,1,1,1,5,1
32,3,5,6,1,1,1,6,1
40,0,4,5,1,1,0,6,1
38,3,5,4,1,1,1,5,1
38,3,5,6,1,1,1,6,1
37,3,5,6,1,1,1,5,1
36,3,5,6,1,1,1,5,1
40,3,5,6,1,1,1,6,1
36,6,5,3,1,1,1,5,1
30,3,5,6,1,1,1,5,1
30,3,5,4,1,1,1,5,1
31,3,5,4,1,1,1,5,1
33,3,5,6,1,1,1,5,1
34,3,5,4,1,1,1,5,1
31,3,5,6,1,1,1,5,1
31,3,5,5,1,1,1,5,1
30,3,5,5,1,1,1,5,1
30,3,5,5,1,1,1,5,1
39,3,5,5,1,1,1,5,1
27,6,5,4,1,1,1,5,1
37,3,5,5,1,1,1,6,1
34,3,5,6,1,1,1,6,1
35,3,5,4,1,1,1,5,1
41,3,5,5,1,1,1,5,1
33,4,5,3,1,1,1,5,1
32,4,5,4,1,1,1,5,1
32,3,5,4,1,1,1,5,1
41,4,5,4,1,1,1,5,1
33,4,5,6,1,1,1,5,1
39,4,5,6,1,1,1,5,1
29,7,5,4,1,1,1,5,1
30,6,5,4,1,1,1,5,1
34,4,5,5,1,1,1,6,1
31,4,5,5,1,1,1,6,1
33,4,5,4,1,1,1,5,1
31,3,5,5,1,1,1,5,1
30,3,5,6,1,1,1,6,1
33,3,5,6,1,1,1,5,1
40,3,5,5,1,1,1,5,1
34,3,5,6,1,1,1,5,1
16,0,1,4,0,0,0,5,1
32,3,5,6,1,1,1,5,1
31,6,5,5,1,1,1,5,1
33,3,5,6,1,1,1,5,1
31,3,5,6,1,1,1,6,1
28,3,5,4,1,1,1,5,1
31,3,5,6,1,1,1,5,1
37,3,5,6,1,1,1,5,1
26,3,5,4,1,1,1,5,1
29,3,5,5,1,1,1,5,1
30,3,5,6,1,1,1,5,1
29,6,5,4,1,1,1,5,1
27,3,5,4,1,1,1,5,1
29,6,5,4,1,1,1,5,1
28,15,5,4,1,1,1,5,1
32,3,5,5,1,1,1,6,1
27,67,5,6,1,1,1,5,1
30,3,5,5,1,1,1,5,1
32,3,5,4,1,1,1,5,1
32,3,5,4,1,1,1,5,1
30,3,5,5,1,1,1,5,1
30,3,5,4,1,1,1,5,1
30,3,5,4,1,1,1,5,1
40,3,5,5,1,1,1,5,1
28,6,5,4,1,1,1,5,1
32,3,5,5,1,1,1,5,1
32,3,5,5,1,1,1,5,1
23,3,4,6,0,1,1,5,1
31,3,5,6,1,1,1,6,1
33,3,5,5,1,1,1,5,1
34,3,5,4,1,1,1,5,1
26,3,5,4,1,1,1,5,1
40,3,5,4,1,1,1,5,1
33,3,5,6,1,1,1,6,1
38,3,5,4,1,1,1,5,1
29,6,5,6,1,1,1,6,1
32,3,5,4,1,1,1,5,1
29,3,5,4,1,1,1,5,1
32,3,5,6,1,1,1,5,1
39,3,5,4,1,1,1,5,1
29,3,5,6,1,1,1,5,1
40,3,5,6,1,1,1,6,1
29,3,5,6,1,1,1,5,1
29,3,5,5,1,1,1,5,1
37,3,5,4,1,1,1,5,1
32,3,5,6,1,1,1,6,1
30,6,5,4,1,1,1,5,1
33,3,5,6,1,1,1,6,1
32,3,5,4,1,1,1,5,1
32,3,5,5,1,1,1,5,1
38,3,5,6,1,1,1,5,1
32,3,5,6,1,1,1,5,1
37,0,4,5,1,1,0,5,1
32,3,5,6,1,1,1,5,1
30,3,5,4,1,1,1,5,1
34,3,5,5,1,1,1,5,1
32,3,5,5,1,1,1,5,1
27,6,5,4,1,1,1,5,1
39,3,5,4,1,1,1,5,1
34,3,5,6,1,1,1,5,1
31,3,5,6,1,1,1,6,1
28,3,5,6,1,1,1,5,1
40,3,5,6,1,1,1,5,1
30,3,5,4,1,1,1,5,1
26,0,4,5,1,1,0,6,1
31,3,5,6,1,1,1,5,1
29,1,5,3,1,1,1,5,1
29,6,5,6,1,1,1,6,1
31,6,5,4,1,1,1,5,1
30,6,5,4,1,1,1,5,1
35,6,5,5,1,1,1,5,1
30,6,5,6,1,1,1,5,1
10,6,4,5,0,1,1,5,1
31,3,5,6,1,1,1,5,1
31,3,5,6,1,1,1,5,1
31,3,5,4,1,1,1,5,1
37,1,5,6,1,1,1,5,1
30,3,5,5,1,1,1,6,1
27,0,2,5,1,0,0,5,1
29,6,5,4,1,1,1,5,1
26,0,2,6,1,0,0,5,1
28,0,2,5,1,0,0,5,1
26,0,2,6,1,0,0,6,1
27,0,2,4,1,0,0,5,1
27,0,2,6,1,0,0,5,1
28,0,2,6,1,0,0,5,1
25,0,2,4,1,0,0,5,1
28,0,2,4,1,0,0,5,1
28,0,2,6,1,0,0,5,1
31,0,2,6,1,0,0,5,1
28,6,5,6,1,1,1,5,1
0,0,0,6,0,0,0,5,1
27,0,2,40,1,0,0,4,1
29,0,2,6,1,0,0,5,1
30,0,2,4,1,0,0,5,1
30,0,2,4,1,0,0,5,1
28,0,2,4,1,0,0,5,1
28,0,2,4,1,0,0,5,1
29,0,2,5,1,0,0,5,1
30,0,2,6,1,0,0,5,1
0,0,1,4,0,0,0,5,1
31,6,5,6,1,1,1,5,1
31,6,5,4,1,1,1,5,1
0,0,1,6,0,0,0,5,1
39,6,5,4,1,1,1,5,1
29,6,5,5,1,1,1,5,1
30,6,5,4,1,1,1,5,1
29,6,5,4,1,1,1,5,1
29,6,5,6,1,1,1,5,1
31,6,5,6,1,1,1,6,1
38,6,5,5,1,1,1,5,1
28,3,5,6,1,1,1,6,1
39,7,7,5,1,1,1,5,1
32,5,5,4,1,1,1,5,1
26,71,6,5,1,1,1,5,1
26,4,5,6,1,1,1,5,1
25,8,5,4,1,1,1,5,1
41,3,5,5,1,1,1,5,1
40,1,5,6,1,1,1,5,1
39,8,5,6,1,1,1,6,1
38,5,5,4,1,1,1,5,1
27,7,5,4,1,1,1,5,1
35,7,7,4,1,1,1,5,1
40,3,5,4,1,1,1,5,1
32,7,5,4,1,1,1,5,1
32,5,5,6,1,1,1,5,1
29,11,5,5,1,1,1,5,1
31,5,6,6,1,1,1,5,1
31,6,5,4,1,1,1,5,1
33,6,5,6,1,1,1,5,1
27,6,5,5,1,1,1,6,1
35,6,5,4,1,1,1,5,1
42,6,5,4,1,1,1,5,1
39,8,5,6,1,1,1,5,1
37,3,5,6,1,1,1,5,1
32,5,5,6,1,1,1,5,1
27,4,5,4,1,1,1,5,1
29,5,5,4,1,1,1,5,1
37,5,5,5,1,1,1,6,1
31,5,5,5,1,1,1,5,1
37,7,5,6,1,1,1,5,1
38,96,5,5,1,1,1,6,1
29,96,5,6,1,1,1,5,1
30,96,5,6,1,1,1,6,1
29,96,5,6,1,1,1,6,1
41,7,5,6,1,1,1,5,1
29,7,5,5,1,1,1,5,1
30,4,5,4,1,1,1,5,1
29,7,5,5,1,1,1,5,1
34,4,5,6,1,1,1,5,1
32,4,5,6,1,1,1,5,1
34,4,5,4,1,1,1,5,1
32,7,6,6,1,1,1,5,1
36,11,5,4,1,1,1,5,1
28,11,5,6,1,1,1,5,1
30,7,5,6,1,1,1,5,1
24,14,5,6,1,1,1,5,1
31,5,5,6,1,1,1,5,1
29,5,5,4,1,1,1,5,1
31,5,5,5,1,1,1,5,1
28,5,5,6,1,1,1,5,1
29,5,5,6,1,1,1,6,1
31,5,5,6,1,1,1,5,1
30,5,5,6,1,1,1,5,1
30,5,5,4,1,1,1,5,1
39,5,5,4,1,1,1,5,1
29,5,5,6,1,1,1,5,1
31,5,5,6,1,1,1,5,1
36,5,5,5,1,1,1,5,1
30,6,5,4,1,1,1,5,1
29,5,5,4,1,1,1,5,1
31,6,5,4,1,1,1,5,1
30,6,5,7,1,1,1,5,1
34,7,5,4,1,1,1,5,1
30,5,5,6,1,1,1,5,1
29,5,5,6,1,1,1,6,1
30,5,5,5,1,1,1,5,1
28,5,5,4,1,1,1,5,1
29,5,5,6,1,1,1,5,1
30,5,5,5,1,1,1,5,1
28,5,6,4,1,1,1,5,1
36,5,5,6,1,1,1,6,1
29,5,5,4,1,1,1,5,1
30,5,5,6,1,1,1,6,1
30,5,5,6,1,1,1,5,1
29,5,5,6,1,1,1,5,1
32,4,5,5,1,1,1,5,1
32,7,5,6,1,1,1,5,1
31,7,5,6,1,1,1,5,1
38,6,5,4,1,1,1,5,1
34,4,5,5,1,1,1,5,1
28,5,6,4,1,1,1,5,1
29,5,6,4,1,1,1,5,1
30,5,6,6,1,1,1,5,1
30,5,6,5,1,1,1,5,1
32,5,6,4,1,1,1,5,1
30,7,5,4,1,1,1,5,1
37,65,5,4,1,1,1,5,1
26,65,5,5,1,1,1,5,1
26,65,5,6,1,1,1,5,1
27,65,5,6,1,1,1,6,1
6,0,1,6,0,0,0,5,1
28,5,6,5,1,1,1,5,1
36,96,5,3,1,1,1,5,1
34,60,5,6,1,1,1,5,1
30,60,5,5,1,1,1,5,1
31,60,5,3,1,1,1,5,1
31,6,5,4,1,1,1,5,1
30,6,5,6,1,1,1,5,1
29,14,6,6,1,1,1,6,1
33,6,5,6,1,1,1,5,1
26,16,6,4,1,1,1,5,1
31,13,6,5,1,1,1,5,1
40,3,5,4,1,1,1,5,1
35,15,6,4,1,1,1,5,1
34,9,6,6,1,1,1,5,1
1,3,5,4,0,1,1,5,1
30,6,5,5,1,1,1,5,1
29,7,5,4,1,1,1,5,1
28,4,5,5,1,1,1,5,1
40,5,5,4,1,1,1,5,1
31,8,5,6,1,1,1,5,1
30,5,5,3,1,1,1,5,1
30,6,5,5,1,1,1,5,1
32,5,5,6,1,1,1,5,1
26,4,5,3,1,1,1,5,1
33,5,5,6,1,1,1,5,1
31,5,5,5,1,1,1,5,1
31,7,5,6,1,1,1,5,1
32,5,5,5,1,1,1,5,1
32,7,5,6,1,1,1,5,1
27,4,5,4,1,1,1,5,1
29,5,5,6,1,1,1,6,1
30,5,5,4,1,1,1,5,1
32,5,5,4,1,1,1,5,1
39,5,5,6,1,1,1,5,1
31,5,5,6,1,1,1,6,1
33,5,5,6,1,1,1,5,1
30,6,5,6,1,1,1,6,1
29,3,5,6,1,1,1,5,1
31,3,5,5,1,1,1,5,1
0,0,1,7,0,0,0,5,1
37,6,5,6,1,1,1,5,1
32,7,5,4,1,1,1,5,1
35,5,6,4,1,1,1,5,1
40,5,6,4,1,1,1,5,1
28,5,6,5,1,1,1,5,1
29,5,6,5,1,1,1,5,1
39,5,5,6,1,1,1,5,1
29,5,5,6,1,1,1,5,1
29,3,5,5,1,1,1,5,1
29,3,5,5,1,1,1,5,1
30,6,5,5,1,1,1,5,1
31,6,5,6,1,1,1,5,1
29,3,5,4,1,1,1,5,1
41,4,5,4,1,1,1,5,1
31,5,5,4,1,1,1,5,1
30,5,5,5,1,1,1,5,1
31,5,5,6,1,1,1,6,1
37,6,5,5,1,1,1,5,1
31,6,5,4,1,1,1,5,1
36,3,5,4,1,1,1,5,1
30,6,5,4,1,1,1,5,1
30,4,5,6,1,1,1,5,1
29,4,5,4,1,1,1,5,1
32,5,6,5,1,1,1,5,1
0,0,1,5,0,0,0,5,1
0,5,3,4,0,1,1,5,1
30,5,5,6,1,1,1,5,1
32,7,5,4,1,1,1,5,1
30,5,5,5,1,1,1,5,1
29,5,5,4,1,1,1,5,1
32,5,5,4,1,1,1,5,1
27,7,5,4,1,1,1,5,1
29,6,5,4,1,1,1,5,1
28,6,5,4,1,1,1,5,1
31,6,5,4,1,1,1,5,1
31,3,5,6,1,1,1,5,1
0,0,1,6,0,0,0,6,1
31,6,6,6,1,1,1,5,1
30,6,5,4,1,1,1,5,1
30,6,5,6,1,1,1,5,1
33,6,5,4,1,1,1,5,1
30,6,5,6,1,1,1,5,1
38,5,5,4,1,1,1,5,1
32,5,5,4,1,1,1,5,1
28,5,5,6,1,1,1,5,1
31,3,5,4,1,1,1,5,1
30,7,5,5,1,1,1,5,1
31,5,5,6,1,1,1,5,1
31,5,5,6,1,1,1,5,1
29,5,5,6,1,1,1,5,1
31,5,5,6,1,1,1,6,1
30,6,5,6,1,1,1,5,1
39,7,5,4,1,1,1,5,1
30,3,5,6,1,1,1,5,1
28,5,5,5,1,1,1,5,1
28,0,2,6,1,0,0,5,1
30,3,5,6,1,1,1,6,1
26,7,5,6,1,1,1,5,1
30,5,6,6,1,1,1,6,1
31,6,5,6,1,1,1,6,1
29,6,5,4,1,1,1,5,1
30,7,5,6,1,1,1,5,1
33,7,5,5,1,1,1,5,1
38,6,5,6,1,1,1,5,1
29,6,5,6,1,1,1,5,1
31,6,5,6,1,1,1,5,1
31,6,5,5,1,1,1,5,1
34,6,5,4,1,1,1,5,1
33,4,5,4,1,1,1,5,1
39,6,5,4,1,1,1,5,1
28,6,5,4,1,1,1,5,1
30,0,2,4,1,0,0,5,1
34,9,5,5,1,1,1,5,1
28,9,5,4,1,1,1,5,1
29,9,5,6,1,1,1,5,1
30,7,5,4,1,1,1,5,1
31,7,5,4,1,1,1,5,1
30,11,5,4,1,1,1,5,1
33,11,5,4,1,1,1,5,1
25,0,2,6,1,0,0,5,1
34,11,5,6,1,1,1,5,1
34,11,5,4,1,1,1,5,1
31,10,5,4,1,1,1,5,1
30,10,5,5,1,1,1,5,1
28,7,5,5,1,1,1,5,1
36,7,5,4,1,1,1,5,1
30,6,5,4,1,1,1,5,1
27,7,5,6,1,1,1,5,1
29,7,5,4,1,1,1,5,1
26,7,5,4,1,1,1,5,1
33,4,5,4,1,1,1,5,1
28,7,5,4,1,1,1,5,1
30,11,5,4,1,1,1,5,1
38,7,5,6,1,1,1,5,1
30,5,5,3,1,1,1,5,1
32,4,5,6,1,1,1,5,1
29,6,6,4,1,1,1,5,1
31,11,5,4,1,1,1,5,1
33,11,5,6,1,1,1,5,1
32,11,5,6,1,1,1,6,1
31,11,5,6,1,1,1,5,1
32,4,5,4,1,1,1,5,1
32,11,5,4,1,1,1,5,1
31,11,5,5,1,1,1,5,1
40,11,5,5,1,1,1,5,1
39,11,5,4,1,1,1,5,1
31,11,5,4,1,1,1,5,1
33,11,5,6,1,1,1,5,1
32,11,5,5,1,1,1,5,1
30,11,5,5,1,1,1,5,1
39,11,5,5,1,1,1,5,1
30,11,5,4,1,1,1,5,1
33,3,6,6,1,1,1,5,1
30,11,5,4,1,1,1,5,1
39,11,5,4,1,1,1,5,1
40,11,5,3,1,1,1,5,1
33,11,5,4,1,1,1,5,1
31,11,5,4,1,1,1,5,1
34,11,5,5,1,1,1,5,1
38,11,5,5,1,1,1,5,1
40,11,5,4,1,1,1,5,1
34,11,5,6,1,1,1,5,1
32,11,5,6,1,1,1,5,1
30,3,5,6,1,1,1,5,1
33,4,5,6,1,1,1,5,1
32,11,5,5,1,1,1,5,1
39,11,5,4,1,1,1,5,1
30,11,5,6,1,1,1,5,1
40,11,5,6,1,1,1,5,1
31,11,5,4,1,1,1,5,1
36,11,5,11,1,1,1,6,1
41,11,5,6,1,1,1,5,1
33,11,5,7,1,1,1,6,1
31,11,5,4,1,1,1,5,1
34,11,5,4,1,1,1,5,1
32,4,5,5,1,1,1,5,1
32,11,5,4,1,1,1,5,1
32,11,5,6,1,1,1,5,1
39,11,5,11,1,1,1,6,1
40,11,5,4,1,1,1,5,1
32,11,5,5,1,1,1,5,1
32,11,5,6,1,1,1,5,1
14,5,4,4,0,1,1,5,1
27,0,2,6,1,0,0,5,1
29,57,5,6,1,1,1,5,1
36,3,5,5,1,1,1,5,1
33,4,5,6,1,1,1,6,1
30,6,5,6,1,1,1,5,1
28,7,5,5,1,1,1,5,1
31,6,5,6,1,1,1,5,1
28,3,5,6,1,1,1,5,1
31,5,5,4,1,1,1,5,1
31,6,5,4,1,1,1,5,1
27,6,5,5,1,1,1,5,1
32,6,5,4,1,1,1,5,1
30,6,5,4,1,1,1,5,1
26,6,5,5,1,1,1,5,1
29,3,6,6,1,1,1,6,1
30,6,5,5,1,1,1,5,1
27,6,5,3,1,1,1,5,1
30,6,5,6,1,1,1,5,1
29,6,5,6,1,1,1,5,1
30,6,5,5,1,1,1,5,1
30,6,5,4,1,1,1,5,1
31,6,5,4,1,1,1,5,1
30,6,5,6,1,1,1,5,1
29,6,5,6,1,1,1,5,1
29,6,5,4,1,1,1,5,1
34,3,5,4,1,1,1,5,1
26,3,5,6,1,1,1,6,1
29,7,5,4,1,1,1,5,1
31,7,5,4,1,1,1,5,1
31,3,5,5,1,1,1,5,1
34,9,5,4,1,1,1,5,1
26,7,6,6,1,1,1,5,1
29,6,5,4,1,1,1,5,1
30,6,5,5,1,1,1,5,1
31,3,5,5,1,1,1,5,1
32,3,5,5,1,1,1,5,1
3,4,4,4,0,1,1,5,1
30,3,5,6,1,1,1,5,1
33,5,6,6,1,1,1,5,1
17,0,1,4,0,0,0,5,1
26,8,5,5,1,1,1,5,1
25,7,5,6,1,1,1,6,1
35,71,6,4,1,1,1,5,1
26,7,5,4,1,1,1,5,1
18,0,1,5,0,0,0,5,1
29,5,6,5,1,1,1,5,1
30,8,5,4,1,1,1,5,1
31,3,5,5,1,1,1,5,1
0,0,1,6,0,0,0,5,1
30,6,5,6,1,1,1,5,1
35,6,5,5,1,1,1,5,1
34,6,5,6,1,1,1,5,1
28,96,5,4,1,1,1,5,1
38,96,5,5,1,1,1,5,1
29,96,5,4,1,1,1,5,1
32,7,5,4,1,1,1,5,1
31,7,5,6,1,1,1,5,1
30,7,5,6,1,1,1,5,1
30,6,5,4,1,1,1,5,1
30,13,5,4,1,1,1,5,1
29,7,5,4,1,1,1,5,1
30,7,5,6,1,1,1,5,1
38,7,6,6,1,1,1,5,1
33,12,5,6,1,1,1,5,1
30,6,5,6,1,1,1,5,1
32,3,5,5,1,1,1,5,1
23,5,4,4,0,1,1,5,1
30,5,5,6,1,1,1,5,1
31,5,5,6,1,1,1,5,1
27,6,5,4,1,1,1,5,1
29,5,5,4,1,1,1,5,1
28,5,5,6,1,1,1,5,1
32,5,5,4,1,1,1,5,1
32,5,5,5,1,1,1,5,1
30,5,5,6,1,1,1,5,1
30,6,5,4,1,1,1,5,1
29,6,5,6,1,1,1,5,1
31,5,5,5,1,1,1,5,1
26,0,2,4,1,0,0,5,1
27,5,5,3,1,1,1,5,1
30,6,5,5,1,1,1,5,1
29,5,5,4,1,1,1,5,1
29,5,5,5,1,1,1,5,1
38,0,2,4,1,0,0,5,1
31,5,5,5,1,1,1,5,1
36,5,5,6,1,1,1,5,1
31,5,5,6,1,1,1,6,1
31,5,5,6,1,1,1,5,1
30,5,5,6,1,1,1,5,1
24,0,2,5,1,0,0,5,1
28,7,5,4,1,1,1,5,1
31,3,5,6,1,1,1,5,1
27,6,5,6,1,1,1,5,1
30,3,5,5,1,1,1,5,1
28,7,5,4,1,1,1,5,1
0,5,4,6,0,1,1,5,1
29,5,6,41,1,1,1,4,1
0,5,4,6,0,1,1,5,1
0,5,4,40,0,1,1,4,1
30,5,6,6,1,1,1,5,1
31,5,6,5,1,1,1,5,1
39,5,6,5,1,1,1,5,1
26,7,5,6,1,1,1,6,1
38,7,5,5,1,1,1,5,1
31,3,5,9,1,1,1,6,1
27,7,5,5,1,1,1,6,1
26,65,5,4,1,1,1,5,1
31,65,5,5,1,1,1,5,1
30,5,5,5,1,1,1,5,1
31,96,5,6,1,1,1,5,1
36,6,5,5,1,1,1,5,1
35,60,5,4,1,1,1,5,1
32,60,5,5,1,1,1,5,1
39,60,5,6,1,1,1,5,1
29,60,5,6,1,1,1,6,1
37,6,5,3,1,1,1,5,1
27,11,5,6,1,1,1,5,1
34,6,5,6,1,1,1,5,1
34,6,5,6,1,1,1,5,1
31,6,5,6,1,1,1,5,1
40,3,5,6,1,1,1,5,1
26,5,5,4,1,1,1,5,1
26,0,2,7,1,0,0,5,1
29,7,5,5,1,1,1,5,1
34,4,5,4,1,1,1,5,1
30,4,5,4,1,1,1,5,1
32,4,5,6,1,1,1,5,1
40,4,5,4,1,1,1,5,1
0,4,3,6,0,1,1,5,1
0,4,3,19,0,1,1,6,1
0,4,3,18,0,1,1,6,1
0,4,3,19,0,1,1,6,1
0,4,3,19,0,1,1,5,1
0,4,3,20,0,1,1,6,1
0,4,3,17,0,1,1,7,1
0,4,3,20,0,1,1,5,1
0,3,4,17,0,1,1,6,1
40,3,5,4,1,1,1,5,1
0,4,3,17,0,1,1,5,1
0,4,3,17,0,1,1,6,1
0,3,3,19,0,1,1,6,1
0,3,3,20,0,1,1,6,1
0,0,0,19,0,0,0,6,1
0,3,3,40,0,1,1,4,1
0,6,3,19,0,1,1,6,1
0,3,3,21,0,1,1,6,1
0,5,3,21,0,1,1,6,1
0,4,3,21,0,1,1,5,1
41,3,5,4,1,1,1,5,1
0,3,3,19,0,1,1,6,1
0,3,3,19,0,1,1,6,1
0,3,3,17,0,1,1,5,1
0,3,3,21,0,1,1,6,1
0,3,3,21,0,1,1,6,1
0,6,3,19,0,1,1,6,1
0,4,3,21,0,1,1,6,1
0,3,3,17,0,1,1,6,1
0,3,3,21,0,1,1,5,1
0,4,3,19,0,1,1,5,1
29,3,5,4,1,1,1,5,1
0,3,3,19,0,1,1,6,1
0,3,3,17,0,1,1,6,1
0,9,3,19,0,1,1,7,1
0,9,3,17,0,1,1,6,1
0,9,3,19,0,1,1,5,1
0,0,0,20,0,0,0,5,1
0,3,3,17,0,1,1,6,1
0,15,3,19,0,1,1,5,1
0,9,3,19,0,1,1,6,1
0,3,4,18,0,1,1,6,1
32,3,5,6,1,1,1,5,1
0,3,4,19,0,1,1,5,1
0,3,3,19,0,1,1,6,1
0,6,3,21,0,1,1,5,1
0,4,3,18,0,1,1,6,1
0,3,3,21,0,1,1,6,1
0,4,3,19,0,1,1,6,1
0,3,3,21,0,1,1,6,1
0,3,3,19,0,1,1,6,1
0,9,3,19,0,1,1,5,1
0,9,3,20,0,1,1,6,1
31,3,5,4,1,1,1,5,1
0,9,3,21,0,1,1,6,1
0,9,3,21,0,1,1,5,1
0,9,3,21,0,1,1,6,1
0,9,3,19,0,1,1,5,1
0,9,3,19,0,1,1,5,1
0,9,3,17,0,1,1,6,1
0,9,3,21,0,1,1,6,1
0,9,3,17,0,1,1,5,1
0,9,3,19,0,1,1,5,1
0,9,3,18,0,1,1,6,1
34,3,5,4,1,1,1,5,1
0,9,3,21,0,1,1,5,1
0,9,3,18,0,1,1,6,1
0,9,3,19,0,1,1,6,1
0,9,3,20,0,1,1,6,1
0,9,3,21,0,1,1,6,1
0,9,3,21,0,1,1,6,1
0,9,3,17,0,1,1,6,1
0,9,3,19,0,1,1,5,1
0,9,3,19,0,1,1,5,1
0,9,3,19,0,1,1,6,1
34,4,5,6,1,1,1,5,1
33,3,5,6,1,1,1,5,1
0,9,3,19,0,1,1,5,1
0,9,3,21,0,1,1,5,1
0,0,0,18,0,0,0,6,1
0,0,0,19,0,0,0,5,1
0,0,0,19,0,0,0,5,1
0,2,3,19,0,1,1,6,1
0,3,3,19,0,1,1,5,1
0,15,3,19,0,1,1,6,1
0,7,3,17,0,1,1,6,1
0,15,3,20,0,1,1,5,1
26,6,5,4,1,1,1,5,1
0,7,3,21,0,1,1,6,1
0,7,3,17,0,1,1,5,1
0,7,3,19,0,1,1,6,1
0,15,3,20,0,1,1,6,1
0,15,3,19,0,1,1,5,1
0,0,0,20,0,0,0,6,1
0,3,3,19,0,1,1,5,1
0,3,3,21,0,1,1,6,1
0,3,3,19,0,1,1,6,1
0,3,3,21,0,1,1,5,1
26,6,5,4,1,1,1,5,1
0,3,3,19,0,1,1,5,1
0,3,3,20,0,1,1,6,1
0,3,4,19,0,1,1,6,1
0,3,3,20,0,1,1,6,1
0,3,3,19,0,1,1,6,1
0,4,3,21,0,1,1,5,1
0,3,3,21,0,1,1,5,1
0,3,3,20,0,1,1,5,1
0,3,3,19,0,1,1,5,1
0,3,3,19,0,1,1,5,1
28,4,5,4,1,1,1,5,1
0,3,3,59,0,1,1,4,1
0,3,3,18,0,1,1,5,1
0,3,3,19,0,1,1,7,1
0,3,3,19,0,1,1,5,1
0,3,3,18,0,1,1,5,1
0,3,3,18,0,1,1,5,1
0,3,3,19,0,1,1,6,1
0,3,3,20,0,1,1,5,1
0,3,3,18,0,1,1,5,1
0,4,3,20,0,1,1,5,1
29,4,5,4,1,1,1,5,1
0,4,3,19,0,1,1,5,1
0,4,3,22,0,1,1,5,1
0,4,3,19,0,1,1,5,1
0,3,3,18,0,1,1,5,1
0,0,0,19,0,0,0,6,1
0,3,3,18,0,1,1,5,1
0,3,3,21,0,1,1,6,1
0,3,3,19,0,1,1,6,1
0,3,3,19,0,1,1,6,1
0,3,3,19,0,1,1,6,1
30,4,5,4,1,1,1,5,1
0,3,3,18,0,1,1,5,1
0,19,3,20,0,1,1,6,1
0,19,3,19,0,1,1,5,1
0,3,3,20,0,1,1,5,1
0,3,3,19,0,1,1,6,1
0,3,3,21,0,1,1,6,1
0,3,3,21,0,1,1,5,1
0,3,3,21,0,1,1,6,1
0,3,3,21,0,1,1,5,1
0,3,3,18,0,1,1,5,1
32,4,5,5,1,1,1,5,1
0,3,3,18,0,1,1,5,1
0,0,2,18,0,1,0,5,1
0,15,3,20,0,1,1,5,1
0,19,3,20,0,1,1,11,1
0,3,3,20,0,1,1,7,1
0,3,3,21,0,1,1,6,1
0,0,0,21,0,0,0,6,1
0,3,3,23,0,1,1,5,1
0,3,3,19,0,1,1,7,1
0,3,3,21,0,1,1,5,1
30,3,5,5,1,1,1,5,1
0,3,3,20,0,1,1,6,1
0,3,3,21,0,1,1,6,1
0,3,3,56,0,1,1,4,1
0,3,3,21,0,1,1,6,1
0,3,3,21,0,1,1,6,1
0,3,3,17,0,1,1,6,1
0,3,3,19,0,1,1,6,1
0,3,3,20,0,1,1,6,1
0,3,3,20,0,1,1,5,1
0,0,2,18,0,1,0,6,1
31,3,5,6,1,1,1,5,1
0,4,3,17,0,1,1,6,1
0,3,3,21,0,1,1,6,1
0,3,3,19,0,1,1,6,1
0,3,3,21,0,1,1,5,1
0,3,3,20,0,1,1,6,1
0,3,3,19,0,1,1,6,1
0,3,3,19,0,1,1,5,1
0,3,3,19,0,1,1,6,1
0,2,3,19,0,1,1,6,1
0,3,3,17,0,1,1,6,1
32,9,5,4,1,1,1,5,1
0,3,3,19,0,1,1,6,1
0,3,3,19,0,1,1,5,1
0,3,3,21,0,1,1,6,1
0,3,3,22,0,1,1,10,1
0,3,3,19,0,1,1,5,1
0,3,3,21,0,1,1,6,1
0,3,3,19,0,1,1,5,1
0,3,3,21,0,1,1,6,1
0,3,3,19,0,1,1,5,1
0,3,3,19,0,1,1,5,1
29,6,6,4,1,1,1,5,1
33,9,5,4,1,1,1,5,1
0,3,3,19,0,1,1,6,1
0,3,3,21,0,1,1,6,1
0,3,3,21,0,1,1,6,1
0,3,3,16,0,1,1,5,1
0,6,3,21,0,1,1,6,1
0,6,3,18,0,1,1,5,1
0,6,3,21,0,1,1,5,1
0,6,3,20,0,1,1,5,1
0,3,3,19,0,1,1,5,1
0,3,3,20,0,1,1,6,1
30,3,5,4,1,1,1,5,1
0,0,0,19,0,0,0,6,1
0,0,0,21,0,0,0,5,1
0,0,0,21,0,0,0,5,1
0,0,0,21,0,0,0,5,1
0,0,0,19,0,0,0,5,1
0,0,0,21,0,0,0,6,1
0,0,0,21,0,0,0,5,1
0,0,0,19,0,0,0,6,1
0,0,0,21,0,0,0,5,1
0,0,0,21,0,0,0,5,1
30,3,5,4,1,1,1,5,1
0,0,0,21,0,0,0,5,1
0,0,0,19,0,0,0,5,1
0,0,0,21,0,0,0,6,1
0,0,0,19,0,0,0,5,1
0,0,0,21,0,0,0,6,1
0,0,0,21,0,0,0,5,1
0,0,0,18,0,0,0,5,1
0,0,0,18,0,0,0,7,1
0,0,0,21,0,0,0,7,1
0,0,0,21,0,0,0,5,1
28,95,5,6,1,1,1,5,1
0,0,0,19,0,0,0,5,1
0,0,0,19,0,0,0,5,1
0,0,0,19,0,0,0,5,1
0,0,0,18,0,0,0,5,1
0,0,0,20,0,0,0,5,1
0,0,0,20,0,0,0,5,1
0,0,0,19,0,0,0,5,1
0,0,0,19,0,0,0,5,1
27,9,5,5,1,1,1,5,1
37,59,5,4,1,1,1,5,1
28,3,5,6,1,1,1,5,1
31,9,5,5,1,1,1,5,1
33,3,5,6,1,1,1,5,1
41,3,5,6,1,1,1,5,1
33,6,5,6,1,1,1,6,1
30,9,5,6,1,1,1,5,1
29,9,5,6,1,1,1,6,1
30,9,5,6,1,1,1,6,1
29,9,5,6,1,1,1,5,1
30,9,5,5,1,1,1,5,1
31,9,5,4,1,1,1,5,1
31,9,5,13,1,1,1,6,1
34,9,5,4,1,1,1,5,1
32,9,5,5,1,1,1,5,1
31,9,5,6,1,1,1,5,1
31,5,5,5,1,1,1,6,1
31,9,5,4,1,1,1,5,1
32,9,5,6,1,1,1,6,1
31,9,5,4,1,1,1,5,1
30,9,5,4,1,1,1,5,1
33,9,5,6,1,1,1,5,1
33,9,5,5,1,1,1,5,1
33,9,5,6,1,1,1,6,1
32,9,5,4,1,1,1,5,1
33,9,5,5,1,1,1,5,1
33,9,5,6,1,1,1,5,1
30,5,5,6,1,1,1,5,1
29,3,5,6,1,1,1,5,1
31,3,5,6,1,1,1,5,1
32,3,5,4,1,1,1,5,1
26,3,5,5,1,1,1,5,1
39,15,5,4,1,1,1,5,1
32,7,5,4,1,1,1,5,1
17,0,1,6,0,0,0,6,1
40,3,5,6,1,1,1,5,1
35,3,5,6,1,1,1,5,1
37,3,5,6,1,1,1,5,1
31,6,5,4,1,1,1,5,1
32,3,5,4,1,1,1,5,1
31,3,5,6,1,1,1,5,1
30,3,5,4,1,1,1,5,1
40,3,5,6,1,1,1,5,1
38,3,5,5,1,1,1,5,1
40,3,5,6,1,1,1,5,1
36,3,5,6,1,1,1,6,1
34,3,5,6,1,1,1,5,1
37,3,5,4,1,1,1,5,1
38,3,5,4,1,1,1,5,1
28,4,5,4,1,1,1,5,1
32,4,6,6,1,1,1,6,1
32,3,5,6,1,1,1,5,1
29,4,5,5,1,1,1,5,1
32,4,5,4,1,1,1,5,1
31,4,5,4,1,1,1,5,1
33,4,5,5,1,1,1,5,1
41,4,5,6,1,1,1,5,1
30,3,5,6,1,1,1,6,1
30,3,5,4,1,1,1,5,1
30,4,5,4,1,1,1,5,1
26,4,5,4,1,1,1,5,1
39,4,5,5,1,1,1,6,1
40,4,5,6,1,1,1,6,1
32,4,5,5,1,1,1,5,1
27,4,4,5,0,1,1,5,1
32,4,5,4,1,1,1,5,1
40,3,5,4,1,1,1,5,1
33,3,5,4,1,1,1,5,1
33,4,5,4,1,1,1,5,1
32,3,5,4,1,1,1,5,1
29,3,5,4,1,1,1,5,1
31,5,5,6,1,1,1,5,1
35,3,5,3,1,1,1,5,1
40,4,5,4,1,1,1,5,1
32,3,5,6,1,1,1,5,1
31,3,5,4,1,1,1,5,1
37,3,5,5,1,1,1,5,1
40,3,5,4,1,1,1,5,1
30,19,5,6,1,1,1,5,1
36,19,5,19,1,1,1,6,1
25,3,5,6,1,1,1,5,1
30,6,5,4,1,1,1,5,1
28,4,5,6,1,1,1,6,1
30,6,5,6,1,1,1,5,1
38,3,5,8,1,1,1,5,1
31,3,5,6,1,1,1,5,1
31,3,5,5,1,1,1,5,1
31,3,5,4,1,1,1,5,1
30,3,5,6,1,1,1,6,1
30,3,5,5,1,1,1,5,1
33,3,5,6,1,1,1,5,1
24,4,5,5,1,1,1,5,1
27,4,5,9,1,1,1,6,1
30,3,5,4,1,1,1,5,1
3,6,5,4,0,1,1,5,1
29,3,5,6,1,1,1,5,1
32,3,5,4,1,1,1,5,1
30,3,5,6,1,1,1,5,1
30,3,5,6,1,1,1,5,1
31,15,5,4,1,1,1,5,1
39,1,5,4,1,1,1,5,1
38,3,5,5,1,1,1,5,1
32,3,5,6,1,1,1,5,1
32,3,5,4,1,1,1,5,1
29,3,5,6,1,1,1,5,1
0,3,5,6,0,1,1,5,1
30,3,5,6,1,1,1,6,1
30,3,5,4,1,1,1,5,1
32,3,5,6,1,1,1,5,1
33,3,5,6,1,1,1,5,1
33,3,5,4,1,1,1,5,1
40,3,5,6,1,1,1,5,1
30,3,5,4,1,1,1,5,1
33,3,5,4,1,1,1,5,1
31,3,5,6,1,1,1,5,1
0,3,3,6,0,1,1,5,1
29,6,6,4,1,1,1,5,1
0,3,3,40,0,1,1,4,1
0,3,3,40,0,1,1,4,1
33,3,5,22,1,1,1,6,1
31,3,5,6,1,1,1,5,1
31,3,5,4,1,1,1,5,1
32,3,5,5,1,1,1,5,1
32,3,5,6,1,1,1,5,1
32,3,5,4,1,1,1,5,1
32,3,5,6,1,1,1,5,1
32,3,5,4,1,1,1,5,1
32,5,5,6,1,1,1,5,1
31,3,5,5,1,1,1,5,1
32,3,5,6,1,1,1,5,1
31,3,5,4,1,1,1,5,1
39,3,5,4,1,1,1,5,1
28,4,5,5,1,1,1,5,1
29,4,5,4,1,1,1,5,1
27,4,5,5,1,1,1,5,1
31,3,5,4,1,1,1,5,1
32,3,5,4,1,1,1,5,1
32,3,5,4,1,1,1,5,1
32,6,5,4,1,1,1,5,1
39,3,5,6,1,1,1,5,1
43,3,5,6,1,1,1,5,1
31,3,5,4,1,1,1,5,1
31,3,5,4,1,1,1,5,1
32,3,5,6,1,1,1,5,1
31,3,5,4,1,1,1,5,1
32,3,5,4,1,1,1,5,1
33,3,5,5,1,1,1,5,1
31,3,5,5,1,1,1,5,1
41,3,5,6,1,1,1,5,1
31,64,5,4,1,1,1,5,1
31,3,5,6,1,1,1,5,1
31,3,5,4,1,1,1,5,1
31,3,5,4,1,1,1,5,1
32,3,5,4,1,1,1,5,1
33,3,5,4,1,1,1,5,1
32,3,5,6,1,1,1,5,1
33,3,5,6,1,1,1,5,1
23,0,2,4,1,0,0,5,1
28,6,5,4,1,1,1,5,1
27,0,2,4,1,0,0,5,1
30,6,5,6,1,1,1,6,1
31,3,5,5,1,1,1,5,1
34,6,5,6,1,1,1,5,1
34,6,5,6,1,1,1,5,1
34,6,5,6,1,1,1,5,1
10,6,4,6,0,1,1,5,1
24,0,2,4,1,0,0,5,1
0,0,1,5,0,0,0,5,1
0,0,1,5,0,0,0,5,1
22,0,2,4,1,0,0,5,1
26,0,2,6,1,0,0,5,1
38,23,5,8,1,1,1,5,1
30,0,2,5,1,0,0,5,1
27,0,2,5,1,0,0,5,1
28,0,2,6,1,0,0,5,1
27,0,2,5,1,0,0,5,1
27,0,2,4,1,0,0,5,1
27,0,2,4,1,0,0,5,1
30,0,2,4,1,0,0,5,1
27,0,2,3,1,0,0,5,1
28,0,2,6,1,0,0,5,1
27,0,2,6,1,0,0,5,1
31,3,5,4,1,1,1,5,1
26,0,2,4,1,0,0,5,1
29,0,2,4,1,0,0,5,1
29,0,2,4,1,0,0,5,1
28,0,2,6,1,0,0,5,1
30,0,2,4,1,0,0,5,1
28,0,2,5,1,0,0,5,1
29,0,2,4,1,0,0,5,1
28,0,2,6,1,0,0,5,1
30,0,2,4,1,0,0,5,1
0,0,1,4,0,0,0,5,1
30,4,5,4,1,1,1,5,1
32,6,5,4,1,1,1,5,1
0,0,1,6,0,0,0,5,1
0,12,4,21,0,1,1,6,1
0,6,3,21,0,1,1,6,1
0,6,3,21,0,1,1,6,1
0,8,4,20,0,1,1,6,1
0,6,4,21,0,1,1,6,1
0,5,3,19,0,1,1,6,1
0,5,3,19,0,1,1,6,1
0,5,3,17,0,1,1,6,1
0,5,3,21,0,1,1,6,1
36,3,5,4,1,1,1,5,1
0,6,3,18,0,1,1,5,1
0,6,3,19,0,1,1,6,1
0,5,3,18,0,1,1,6,1
0,5,3,19,0,1,1,5,1
0,3,3,17,0,1,1,5,1
0,4,3,17,0,1,1,5,1
0,4,3,19,0,1,1,5,1
0,6,3,17,0,1,1,6,1
0,4,3,21,0,1,1,6,1
0,6,4,17,0,1,1,5,1
32,7,5,4,1,1,1,5,1
0,5,3,18,0,1,1,5,1
0,7,3,19,0,1,1,7,1
0,5,4,18,0,1,1,6,1
0,5,4,19,0,1,1,6,1
0,4,3,20,0,1,1,5,1
0,5,3,21,0,1,1,6,1
0,3,3,19,0,1,1,6,1
0,5,3,19,0,1,1,6,1
0,3,3,19,0,1,1,6,1
0,5,3,18,0,1,1,5,1
30,2,5,4,1,1,1,5,1
0,3,3,17,0,1,1,6,1
0,6,3,17,0,1,1,5,1
0,4,3,19,0,1,1,5,1
0,7,3,20,0,1,1,7,1
0,6,3,20,0,1,1,5,1
0,3,4,19,0,1,1,6,1
0,5,3,19,0,1,1,6,1
0,6,3,19,0,1,1,5,1
0,5,3,21,0,1,1,5,1
0,7,3,20,0,1,1,6,1
30,5,5,5,1,1,1,5,1
0,6,3,21,0,1,1,6,1
0,5,3,19,0,1,1,6,1
0,6,4,19,0,1,1,7,1
0,5,3,19,0,1,1,6,1
0,4,3,19,0,1,1,5,1
0,7,3,17,0,1,1,5,1
0,5,3,19,0,1,1,6,1
0,2,3,21,0,1,1,6,1
0,6,3,21,0,1,1,5,1
0,5,3,19,0,1,1,6,1
29,6,5,4,1,1,1,5,1
0,6,4,17,0,1,1,5,1
0,10,3,19,0,1,1,6,1
0,10,3,19,0,1,1,5,1
0,10,3,21,0,1,1,6,1
0,7,3,21,0,1,1,6,1
0,5,3,20,0,1,1,6,1
0,3,3,20,0,1,1,6,1
0,3,3,21,0,1,1,6,1
0,6,3,19,0,1,1,5,1
0,6,3,21,0,1,1,6,1
29,5,5,4,1,1,1,5,1
0,3,3,21,0,1,1,6,1
0,6,3,21,0,1,1,6,1
0,6,3,19,0,1,1,6,1
0,6,3,21,0,1,1,5,1
0,5,3,19,0,1,1,6,1
0,5,5,17,0,1,1,6,1
0,5,5,17,0,1,1,6,1
0,7,3,19,0,1,1,5,1
0,3,3,20,0,1,1,6,1
0,3,3,21,0,1,1,5,1
40,5,5,6,1,1,1,5,1
0,9,3,19,0,1,1,6,1
0,3,3,19,0,1,1,5,1
0,11,3,20,0,1,1,5,1
0,11,3,19,0,1,1,5,1
0,10,3,20,0,1,1,6,1
0,5,3,21,0,1,1,6,1
0,4,3,21,0,1,1,6,1
0,6,4,19,0,1,1,6,1
0,11,3,19,0,1,1,6,1
0,11,3,20,0,1,1,5,1
27,3,5,5,1,1,1,5,1
0,11,3,21,0,1,1,7,1
0,11,3,19,0,1,1,5,1
0,11,3,20,0,1,1,6,1
0,11,3,19,0,1,1,6,1
0,11,3,19,0,1,1,5,1
0,11,3,17,0,1,1,5,1
0,11,3,19,0,1,1,6,1
0,11,3,19,0,1,1,5,1
0,11,3,20,0,1,1,6,1
0,11,3,19,0,1,1,6,1
32,5,5,5,1,1,1,5,1
0,11,3,21,0,1,1,5,1
0,11,3,21,0,1,1,6,1
0,11,3,17,0,1,1,6,1
0,11,3,19,0,1,1,6,1
0,11,3,17,0,1,1,6,1
0,11,3,19,0,1,1,5,1
0,11,3,19,0,1,1,6,1
0,11,3,17,0,1,1,5,1
0,11,3,19,0,1,1,5,1
0,11,3,19,0,1,1,6,1
30,6,5,4,1,1,1,5,1
29,11,5,6,1,1,1,5,1
0,11,3,19,0,1,1,5,1
0,11,3,19,0,1,1,6,1
0,11,3,19,0,1,1,5,1
0,11,3,17,0,1,1,6,1
0,11,3,19,0,1,1,7,1
0,11,3,19,0,1,1,5,1
0,11,3,20,0,1,1,6,1
0,11,3,19,0,1,1,5,1
0,11,3,19,0,1,1,6,1
0,11,3,21,0,1,1,5,1
30,5,5,4,1,1,1,5,1
0,11,3,19,0,1,1,6,1
0,11,3,17,0,1,1,5,1
0,11,3,21,0,1,1,6,1
0,11,3,21,0,1,1,5,1
0,11,3,19,0,1,1,7,1
0,4,3,19,0,1,1,5,1
0,3,3,19,0,1,1,5,1
0,6,3,21,0,1,1,5,1
0,3,3,21,0,1,1,6,1
0,6,3,19,0,1,1,7,1
30,5,5,5,1,1,1,6,1
0,6,3,19,0,1,1,6,1
0,6,3,17,0,1,1,6,1
0,6,3,19,0,1,1,6,1
0,6,3,19,0,1,1,5,1
0,6,3,19,0,1,1,6,1
0,6,3,21,0,1,1,6,1
0,6,3,19,0,1,1,6,1
0,6,3,21,0,1,1,6,1
0,6,3,19,0,1,1,5,1
0,6,3,17,0,1,1,5,1
33,6,5,5,1,1,1,5,1
0,6,3,19,0,1,1,6,1
0,6,3,21,0,1,1,6,1
0,6,3,19,0,1,1,6,1
0,6,3,21,0,1,1,5,1
0,6,3,21,0,1,1,7,1
0,6,3,21,0,1,1,5,1
0,6,3,17,0,1,1,5,1
0,6,3,18,0,1,1,7,1
0,6,3,19,0,1,1,6,1
0,6,3,19,0,1,1,5,1
30,10,5,4,1,1,1,5,1
0,6,3,20,0,1,1,5,1
0,6,3,21,0,1,1,6,1
0,6,3,21,0,1,1,6,1
0,6,3,19,0,1,1,5,1
0,6,3,21,0,1,1,6,1
0,6,3,21,0,1,1,7,1
0,6,3,18,0,1,1,5,1
0,3,3,19,0,1,1,5,1
0,7,4,21,0,1,1,6,1
0,7,3,19,0,1,1,6,1
34,10,5,6,1,1,1,5,1
0,9,3,18,0,1,1,5,1
0,0,0,17,0,0,0,6,1
0,5,4,20,0,1,1,6,1
0,5,4,19,0,1,1,5,1
0,5,4,19,0,1,1,6,1
0,0,0,19,0,0,0,6,1
0,1,3,20,0,1,1,6,1
0,0,0,19,0,0,0,5,1
0,5,3,19,0,1,1,6,1
0,6,3,18,0,1,1,5,1
33,7,5,5,1,1,1,5,1
0,11,3,19,0,1,1,5,1
0,8,3,21,0,1,1,6,1
0,6,3,17,0,1,1,6,1
0,6,3,19,0,1,1,6,1
0,6,3,21,0,1,1,7,1
0,6,3,20,0,1,1,6,1
0,6,3,20,0,1,1,5,1
0,6,3,20,0,1,1,6,1
0,6,3,18,0,1,1,6,1
0,6,3,19,0,1,1,5,1
32,5,5,6,1,1,1,5,1
0,8,3,17,0,1,1,7,1
0,7,3,18,0,1,1,6,1
0,7,3,19,0,1,1,6,1
0,7,3,19,0,1,1,6,1
0,7,3,21,0,1,1,6,1
0,7,3,20,0,1,1,7,1
0,7,3,20,0,1,1,6,1
0,8,3,21,0,1,1,7,1
0,6,3,17,0,1,1,6,1
0,7,3,21,0,1,1,5,1
36,3,5,4,1,1,1,5,1
0,7,3,19,0,1,1,5,1
0,7,3,21,0,1,1,5,1
0,7,4,21,0,1,1,6,1
0,7,3,19,0,1,1,6,1
0,9,3,19,0,1,1,5,1
0,5,3,21,0,1,1,5,1
0,5,3,21,0,1,1,6,1
0,5,3,19,0,1,1,7,1
0,5,3,17,0,1,1,5,1
0,5,3,17,0,1,1,6,1
32,3,5,6,1,1,1,5,1
0,5,3,17,0,1,1,6,1
0,5,3,20,0,1,1,6,1
0,5,3,18,0,1,1,5,1
0,5,3,18,0,1,1,6,1
0,3,3,19,0,1,1,6,1
0,7,3,19,0,1,1,5,1
0,5,3,21,0,1,1,6,1
0,5,3,21,0,1,1,6,1
0,5,3,19,0,1,1,6,1
0,5,3,21,0,1,1,7,1
30,6,5,5,1,1,1,5,1
31,5,5,4,1,1,1,5,1
0,7,3,21,0,1,1,6,1
0,7,3,19,0,1,1,6,1
0,0,0,17,0,0,0,6,1
0,7,3,17,0,1,1,6,1
0,7,3,19,0,1,1,7,1
0,5,4,19,0,1,1,5,1
0,5,4,17,0,1,1,6,1
0,5,4,21,0,1,1,7,1
0,5,4,19,0,1,1,6,1
0,5,4,17,0,1,1,6,1
29,6,5,6,1,1,1,5,1
0,7,3,19,0,1,1,5,1
0,7,3,19,0,1,1,6,1
0,7,3,19,0,1,1,5,1
0,7,3,19,0,1,1,6,1
0,65,3,19,0,1,1,5,1
0,65,3,18,0,1,1,5,1
0,65,3,20,0,1,1,6,1
0,65,3,19,0,1,1,6,1
0,65,3,19,0,1,1,5,1
0,3,3,19,0,1,1,6,1
31,6,5,6,1,1,1,5,1
0,6,3,17,0,1,1,5,1
0,6,3,19,0,1,1,8,1
0,6,3,20,0,1,1,6,1
0,6,3,20,0,1,1,6,1
0,4,3,18,0,1,1,5,1
0,0,0,18,0,0,0,6,1
0,4,3,20,0,1,1,5,1
0,4,3,19,0,1,1,6,1
0,4,3,19,0,1,1,6,1
0,7,3,19,0,1,1,6,1
31,11,5,5,1,1,1,5,1
0,3,3,20,0,1,1,7,1
0,7,3,20,0,1,1,6,1
0,7,3,20,0,1,1,6,1
0,15,4,19,0,1,1,6,1
0,4,3,19,0,1,1,6,1
0,4,3,21,0,1,1,6,1
0,4,3,19,0,1,1,6,1
0,4,3,17,0,1,1,6,1
0,3,4,17,0,1,1,5,1
0,4,3,19,0,1,1,5,1
31,6,5,4,1,1,1,5,1
0,1,3,20,0,1,1,6,1
0,5,3,21,0,1,1,6,1
0,3,3,19,0,1,1,5,1
0,3,3,20,0,1,1,6,1
0,3,3,19,0,1,1,5,1
0,3,3,19,0,1,1,6,1
0,3,3,21,0,1,1,6,1
0,6,3,21,0,1,1,8,1
0,3,3,19,0,1,1,5,1
0,6,3,20,0,1,1,5,1
28,6,5,4,1,1,1,5,1
0,3,3,19,0,1,1,5,1
0,3,3,21,0,1,1,5,1
0,3,3,21,0,1,1,5,1
0,3,3,21,0,1,1,5,1
0,3,3,19,0,1,1,5,1
0,3,3,18,0,1,1,6,1
0,3,3,19,0,1,1,6,1
0,3,3,19,0,1,1,6,1
0,3,3,19,0,1,1,5,1
0,6,3,19,0,1,1,6,1
30,11,5,5,1,1,1,5,1
0,3,3,21,0,1,1,6,1
0,9,3,20,0,1,1,6,1
0,9,3,19,0,1,1,6,1
0,9,3,19,0,1,1,5,1
0,9,3,19,0,1,1,6,1
0,9,3,21,0,1,1,6,1
0,9,3,18,0,1,1,6,1
0,3,3,19,0,1,1,7,1
0,3,3,21,0,1,1,7,1
0,3,4,19,0,1,1,5,1
30,12,5,5,1,1,1,6,1
0,3,3,17,0,1,1,5,1
0,3,3,19,0,1,1,6,1
0,3,3,17,0,1,1,5,1
0,9,3,18,0,1,1,6,1
0,9,3,21,0,1,1,5,1
0,9,3,17,0,1,1,6,1
0,9,3,19,0,1,1,6,1
0,9,3,19,0,1,1,5,1
0,9,3,19,0,1,1,6,1
0,9,3,18,0,1,1,6,1
32,3,5,5,1,1,1,5,1
0,9,3,19,0,1,1,6,1
0,9,3,21,0,1,1,5,1
0,9,3,17,0,1,1,6,1
0,9,3,19,0,1,1,6,1
0,9,3,17,0,1,1,6,1
0,9,3,21,0,1,1,5,1
0,9,3,19,0,1,1,6,1
0,6,3,20,0,1,1,6,1
0,0,0,19,0,0,0,5,1
0,3,3,20,0,1,1,6,1
23,6,5,6,1,1,1,5,1
0,0,2,19,0,1,0,5,1
0,7,3,17,0,1,1,5,1
0,3,3,19,0,1,1,5,1
0,3,3,21,0,1,1,6,1
0,4,3,19,0,1,1,6,1
0,3,3,21,0,1,1,5,1
0,3,3,19,0,1,1,6,1
0,3,3,19,0,1,1,5,1
0,3,3,21,0,1,1,6,1
0,3,3,20,0,1,1,6,1
31,6,5,4,1,1,1,5,1
29,6,5,6,1,1,1,5,1
0,3,3,19,0,1,1,6,1
0,3,3,21,0,1,1,6,1
0,3,3,21,0,1,1,7,1
0,3,3,20,0,1,1,6,1
0,3,3,19,0,1,1,6,1
0,4,3,21,0,1,1,6,1
0,4,3,19,0,1,1,6,1
0,4,3,20,0,1,1,6,1
0,4,3,19,0,1,1,5,1
0,4,3,18,0,1,1,5,1
28,3,5,6,1,1,1,5,1
0,4,3,17,0,1,1,5,1
0,4,3,19,0,1,1,6,1
0,3,3,17,0,1,1,5,1
0,3,3,19,0,1,1,5,1
0,3,3,19,0,1,1,6,1
0,3,3,19,0,1,1,6,1
0,3,3,18,0,1,1,6,1
0,3,3,20,0,1,1,6,1
0,3,3,20,0,1,1,6,1
0,3,3,20,0,1,1,6,1
39,6,5,4,1,1,1,5,1
0,3,3,19,0,1,1,5,1
0,3,3,21,0,1,1,7,1
0,3,3,19,0,1,1,5,1
0,3,3,21,0,1,1,6,1
0,3,3,19,0,1,1,6,1
0,3,3,19,0,1,1,6,1
0,3,4,19,0,1,1,6,1
0,3,3,19,0,1,1,6,1
0,3,4,17,0,1,1,5,1
0,3,3,21,0,1,1,7,1
32,11,5,6,1,1,1,6,1
0,15,3,21,0,1,1,6,1
0,19,3,19,0,1,1,5,1
0,3,3,19,0,1,1,6,1
0,67,3,21,0,1,1,6,1
0,3,3,19,0,1,1,6,1
0,3,3,21,0,1,1,7,1
0,3,3,18,0,1,1,6,1
0,3,3,20,0,1,1,6,1
0,3,3,19,0,1,1,6,1
0,3,3,20,0,1,1,6,1
29,3,5,6,1,1,1,6,1
0,4,3,18,0,1,1,6,1
0,0,2,18,0,1,0,5,1
0,3,3,17,0,1,1,6,1
0,0,2,19,0,1,0,6,1
0,3,3,19,0,1,1,7,1
0,3,3,19,0,1,1,6,1
0,3,3,19,0,1,1,6,1
0,3,3,19,0,1,1,6,1
0,3,3,19,0,1,1,6,1
0,3,3,21,0,1,1,5,1
28,9,5,4,1,1,1,5,1
0,3,3,17,0,1,1,6,1
0,3,3,17,0,1,1,6,1
0,3,3,19,0,1,1,6,1
0,3,3,19,0,1,1,6,1
0,3,3,19,0,1,1,7,1
0,3,3,21,0,1,1,6,1
0,15,3,21,0,1,1,6,1
0,15,3,18,0,1,1,6,1
0,15,3,19,0,1,1,6,1
0,0,2,19,0,1,0,7,1
27,9,5,6,1,1,1,5,1
0,3,3,19,0,1,1,6,1
0,3,3,19,0,1,1,7,1
0,3,3,21,0,1,1,5,1
0,3,3,17,0,1,1,6,1
0,3,3,17,0,1,1,6,1
0,3,3,17,0,1,1,6,1
0,3,3,19,0,1,1,6,1
0,6,3,19,0,1,1,6,1
0,3,3,19,0,1,1,6,1
0,6,3,19,0,1,1,6,1
30,9,5,5,1,1,1,5,1
0,6,3,21,0,1,1,6,1
0,6,3,18,0,1,1,6,1
0,0,0,21,0,0,0,6,1
0,6,3,19,0,1,1,5,1
0,3,3,19,0,1,1,6,1
0,0,0,17,0,0,0,6,1
0,3,3,19,0,1,1,5,1
0,0,0,19,0,0,0,6,1
0,0,0,21,0,0,0,6,1
0,0,0,17,0,0,0,7,1
28,3,5,4,1,1,1,5,1
0,0,0,19,0,0,0,7,1
0,0,0,20,0,0,0,7,1
0,0,0,19,0,0,0,6,1
0,0,0,19,0,0,0,5,1
0,0,0,19,0,0,0,7,1
0,0,0,17,0,0,0,5,1
0,0,0,19,0,0,0,6,1
0,0,0,21,0,0,0,5,1
0,0,0,19,0,0,0,6,1
0,0,0,19,0,0,0,6,1
34,11,5,5,1,1,1,5,1
0,0,0,19,0,0,0,6,1
0,0,0,21,0,0,0,6,1
0,0,0,18,0,0,0,6,1
0,0,0,21,0,0,0,6,1
0,0,0,20,0,0,0,6,1
0,0,0,19,0,0,0,5,1
0,0,0,21,0,0,0,6,1
0,0,0,21,0,0,0,6,1
0,0,0,21,0,0,0,6,1
0,0,0,17,0,0,0,6,1
29,6,5,6,1,1,1,5,1
31,10,5,4,1,1,1,5,1
0,0,0,19,0,0,0,5,1
25,20,6,5,1,1,1,6,1
32,10,6,6,1,1,1,5,1
30,6,5,3,1,1,1,5,1
31,6,5,4,1,1,1,5,1
30,6,5,6,1,1,1,5,1
30,7,5,4,1,1,1,5,1
38,7,5,4,1,1,1,5,1
30,5,5,4,1,1,1,5,1
31,5,5,4,1,1,1,5,1
36,6,5,4,1,1,1,5,1
39,5,5,4,1,1,1,5,1
32,5,5,6,1,1,1,5,1
31,4,5,4,1,1,1,5,1
30,6,5,4,1,1,1,5,1
30,5,5,5,1,1,1,5,1
28,6,5,6,1,1,1,5,1
32,5,5,6,1,1,1,5,1
31,5,5,4,1,1,1,5,1
39,5,5,5,1,1,1,5,1
39,5,5,4,1,1,1,5,1
30,3,5,5,1,1,1,5,1
29,3,5,5,1,1,1,5,1
30,5,6,4,1,1,1,5,1
32,6,5,4,1,1,1,5,1
31,5,6,4,1,1,1,5,1
33,5,6,4,1,1,1,5,1
33,4,5,4,1,1,1,5,1
32,6,5,5,1,1,1,5,1
29,5,5,5,1,1,1,5,1
30,5,5,5,1,1,1,5,1
28,7,5,4,1,1,1,5,1
36,7,5,4,1,1,1,5,1
29,6,5,4,1,1,1,5,1
29,6,5,4,1,1,1,5,1
29,5,5,5,1,1,1,5,1
29,3,5,5,1,1,1,5,1
28,3,5,4,1,1,1,5,1
28,4,5,6,1,1,1,6,1
30,4,5,4,1,1,1,5,1
32,6,5,6,1,1,1,6,1
31,5,5,4,1,1,1,5,1
29,3,5,6,1,1,1,5,1
30,6,5,4,1,1,1,5,1
32,5,5,6,1,1,1,5,1
31,5,5,6,1,1,1,5,1
31,5,5,4,1,1,1,5,1
31,5,5,5,1,1,1,5,1
27,5,5,4,1,1,1,5,1
31,7,5,4,1,1,1,5,1
32,5,6,6,1,1,1,6,1
38,5,5,5,1,1,1,6,1
28,2,5,3,1,1,1,5,1
29,5,5,3,1,1,1,5,1
30,4,5,6,1,1,1,5,1
31,12,6,5,1,1,1,5,1
39,3,5,4,1,1,1,5,1
14,0,1,3,0,0,0,5,1
33,3,5,5,1,1,1,5,1
37,3,5,5,1,1,1,5,1
29,10,5,6,1,1,1,5,1
31,5,5,5,1,1,1,5,1
30,5,5,6,1,1,1,5,1
33,5,6,6,1,1,1,5,1
30,3,5,5,1,1,1,5,1
28,4,5,4,1,1,1,5,1
33,5,5,5,1,1,1,5,1
30,5,5,4,1,1,1,5,1
11,6,4,6,0,1,1,5,1
40,3,5,4,1,1,1,5,1
30,6,5,6,1,1,1,5,1
38,6,5,6,1,1,1,6,1
30,6,5,5,1,1,1,5,1
30,6,5,4,1,1,1,5,1
31,5,5,4,1,1,1,5,1
26,5,7,6,1,1,1,6,1
33,4,5,4,1,1,1,5,1
31,6,5,4,1,1,1,5,1
32,6,5,6,1,1,1,6,1
31,6,5,4,1,1,1,5,1
34,9,5,6,1,1,1,5,1
26,9,4,5,0,1,1,5,1
26,9,5,6,1,1,1,5,1
33,7,5,4,1,1,1,5,1
33,10,5,5,1,1,1,5,1
40,3,5,6,1,1,1,6,1
31,5,5,5,1,1,1,5,1
28,4,5,6,1,1,1,5,1
40,7,5,6,1,1,1,5,1
28,7,5,6,1,1,1,5,1
30,4,5,5,1,1,1,5,1
30,4,5,4,1,1,1,5,1
33,11,5,5,1,1,1,5,1
36,11,5,6,1,1,1,5,1
39,11,5,4,1,1,1,5,1
32,11,5,4,1,1,1,5,1
31,11,5,6,1,1,1,5,1
31,11,5,6,1,1,1,5,1
30,4,5,5,1,1,1,5,1
31,11,5,6,1,1,1,5,1
33,11,5,4,1,1,1,5,1
31,11,5,6,1,1,1,5,1
30,11,5,4,1,1,1,5,1
30,11,5,6,1,1,1,5,1
30,11,5,4,1,1,1,5,1
39,11,5,6,1,1,1,5,1
28,11,5,4,1,1,1,5,1
31,11,5,4,1,1,1,5,1
39,11,5,6,1,1,1,5,1
